ammonite -- 2d7efcb4cf2c1d99
ammonite 00 0.000000 2.965955 0.450676 0.000000 -0.988652 -0.150225 0.000000 0.150225 -0.988652 3.000000
ammonite 01 0.000000 2.942251 0.447075 0.000000 -0.988652 -0.150225 0.000000 0.150225 -0.988652 2.976024
ammonite 02 0.000000 2.872007 0.436401 0.000000 -0.988652 -0.150225 0.000000 0.150225 -0.988652 2.904974
ammonite 03 0.000000 2.755621 0.418716 0.000000 -0.988652 -0.150225 0.000000 0.150225 -0.988652 2.787252
ammonite 04 0.000000 2.593760 0.394121 0.000000 -0.988652 -0.150225 0.000000 0.150225 -0.988652 2.623532
ammonite 05 0.000000 2.389245 0.363045 0.000000 -0.988652 -0.150225 0.000000 0.150225 -0.988652 2.416670
ammonite 06 0.000000 2.148472 0.326460 0.000000 -0.988652 -0.150225 0.000000 0.150225 -0.988652 2.173133
ammonite 07 0.000000 1.881849 0.285947 0.000000 -0.988652 -0.150225 0.000000 0.150225 -0.988652 1.903450
ammonite 08 0.000000 1.603017 0.243578 0.000000 -0.988652 -0.150225 0.000000 0.150225 -0.988652 1.621417
ammonite 09 0.000000 1.326989 0.201636 0.000000 -0.988652 -0.150225 0.000000 0.150225 -0.988652 1.342220
ammonite 10 0.000000 1.067792 0.162251 0.000000 -0.988652 -0.150225 0.000000 0.150225 -0.988652 1.080048
ammonite 11 0.000000 0.836341 0.127082 0.000000 -0.988652 -0.150225 0.000000 0.150225 -0.988652 0.845941
ammonite 12 0.000000 0.639178 0.097123 0.000000 -0.988652 -0.150225 0.000000 0.150225 -0.988652 0.646514
ammonite 13 0.000000 0.478315 0.072680 0.000000 -0.988652 -0.150225 0.000000 0.150225 -0.988652 0.483805
ammonite 14 0.000000 0.352022 0.053490 0.000000 -0.988652 -0.150225 0.000000 0.150225 -0.988652 0.356063
ammonite 15 0.000000 0.256103 0.038915 0.000000 -0.988652 -0.150225 0.000000 0.150225 -0.988652 0.259043
ammonite 16 0.000000 0.185224 0.028145 0.000000 -0.988652 -0.150225 0.000000 0.150225 -0.988652 0.187350
ammonite 17 0.000000 0.133961 0.020355 0.000000 -0.988652 -0.150225 0.000000 0.150225 -0.988652 0.135499
ammonite 18 0.000000 0.097459 0.014809 0.000000 -0.988652 -0.150225 0.000000 0.150225 -0.988652 0.098578
ammonite 19 0.000000 0.071727 0.010899 0.000000 -0.988652 -0.150225 0.000000 0.150225 -0.988652 0.072550
ammonite 20 0.000000 0.053675 0.008156 0.000000 -0.988652 -0.150225 0.000000 0.150225 -0.988652 0.054291
ammonite 21 0.000000 0.041021 0.006233 0.000000 -0.988652 -0.150225 0.000000 0.150225 -0.988652 0.041492
ammonite 22 0.000000 0.032130 0.004882 0.000000 -0.988652 -0.150225 0.000000 0.150225 -0.988652 0.032499
ammonite 23 0.000000 0.025854 0.003929 0.000000 -0.988652 -0.150225 0.000000 0.150225 -0.988652 0.026151
ammonite 24 0.000000 0.021402 0.003252 0.000000 -0.988652 -0.150225 0.000000 0.150225 -0.988652 0.021648
ammonite 25 0.000000 0.018231 0.002770 0.000000 -0.988652 -0.150225 0.000000 0.150225 -0.988652 0.018440
ammonite 26 0.000000 0.015968 0.002426 0.000000 -0.988652 -0.150225 0.000000 0.150225 -0.988652 0.016152
ammonite 27 0.000000 0.014359 0.002182 0.000000 -0.988652 -0.150225 0.000000 0.150225 -0.988652 0.014524
ammonite 28 0.000000 0.013227 0.002010 0.000000 -0.988652 -0.150225 0.000000 0.150225 -0.988652 0.013379
ammonite 29 0.000000 0.012450 0.001892 0.000000 -0.988652 -0.150225 0.000000 0.150225 -0.988652 0.012593
ammonite 30 0.000000 0.011946 0.001815 0.000000 -0.988652 -0.150225 0.000000 0.150225 -0.988652 0.012083
ammonite 31 0.000000 0.011660 0.001772 0.000000 -0.988652 -0.150225 0.000000 0.150225 -0.988652 0.011794
bicameral -- 0cc07925dd31f45f
bicameral 00 1.111258 1.264361 1.434301 -0.530410 -0.342898 -0.775298 -0.193615 0.939373 -0.283006 1.850000
bicameral 01 1.372222 1.264361 1.215307 -0.671471 -0.342898 -0.656923 -0.245106 0.939373 -0.239795 1.850000
bicameral 02 1.585448 1.264361 0.949610 -0.786728 -0.342898 -0.513303 -0.287178 0.939373 -0.187370 1.850000
bicameral 03 1.742741 1.264361 0.647420 -0.871752 -0.342898 -0.349957 -0.318214 0.939373 -0.127744 1.850000
bicameral 04 1.838058 1.264361 0.320350 -0.923275 -0.342898 -0.173162 -0.337021 0.939373 -0.063209 1.850000
bicameral 05 1.867736 1.264361 -0.019031 -0.939316 -0.342898 0.010287 -0.342877 0.939373 0.003755 1.850000
bicameral 06 1.830633 1.264361 -0.357681 -0.919261 -0.342898 0.193341 -0.335556 0.939373 0.070575 1.850000
bicameral 07 1.728175 1.264361 -0.682585 -0.863879 -0.342898 0.368965 -0.315340 0.939373 0.134683 1.850000
bicameral 08 1.564301 1.264361 -0.981258 -0.775298 -0.342898 0.530410 -0.283006 0.939373 0.193615 1.850000
bicameral 09 1.345307 1.264361 -1.242222 -0.656923 -0.342898 0.671471 -0.239796 0.939373 0.245106 1.850000
bicameral 10 1.079610 1.264361 -1.455447 -0.513303 -0.342898 0.786728 -0.187370 0.939373 0.287178 1.850000
bicameral 11 0.777420 1.264361 -1.612741 -0.349957 -0.342898 0.871752 -0.127744 0.939373 0.318214 1.850000
bicameral 12 0.450350 1.264361 -1.708058 -0.173162 -0.342898 0.923275 -0.063209 0.939373 0.337022 1.850000
bicameral 13 0.110969 1.264361 -1.737735 0.010287 -0.342898 0.939316 0.003755 0.939373 0.342877 1.850000
bicameral 14 -0.227681 1.264361 -1.700633 0.193341 -0.342898 0.919261 0.070575 0.939373 0.335556 1.850000
bicameral 15 -0.552585 1.264361 -1.598175 0.368965 -0.342898 0.863878 0.134683 0.939373 0.315340 1.850000
bicameral 16 -0.851258 1.264361 -1.434301 0.530410 -0.342898 0.775298 0.193615 0.939373 0.283006 1.850000
bicameral 17 -1.112222 1.264361 -1.215307 0.671471 -0.342898 0.656923 0.245106 0.939373 0.239795 1.850000
bicameral 18 -1.325447 1.264361 -0.949610 0.786728 -0.342898 0.513303 0.287178 0.939373 0.187370 1.850000
bicameral 19 -1.482741 1.264361 -0.647420 0.871752 -0.342898 0.349957 0.318214 0.939373 0.127744 1.850000
bicameral 20 -1.578058 1.264361 -0.320350 0.923275 -0.342898 0.173162 0.337022 0.939373 0.063209 1.850000
bicameral 21 -1.607736 1.264361 0.019031 0.939316 -0.342898 -0.010287 0.342877 0.939373 -0.003755 1.850000
bicameral 22 -1.570633 1.264361 0.357681 0.919261 -0.342898 -0.193341 0.335556 0.939373 -0.070575 1.850000
bicameral 23 -1.468175 1.264361 0.682585 0.863878 -0.342898 -0.368965 0.315340 0.939373 -0.134683 1.850000
bicameral 24 -1.304301 1.264361 0.981258 0.775298 -0.342898 -0.530410 0.283006 0.939373 -0.193615 1.850000
bicameral 25 -1.085307 1.264361 1.242222 0.656923 -0.342898 -0.671471 0.239796 0.939373 -0.245106 1.850000
bicameral 26 -0.819610 1.264361 1.455447 0.513303 -0.342898 -0.786728 0.187370 0.939373 -0.287178 1.850000
bicameral 27 -0.517420 1.264361 1.612741 0.349957 -0.342898 -0.871752 0.127744 0.939373 -0.318214 1.850000
bicameral 28 -0.190350 1.264361 1.708058 0.173162 -0.342898 -0.923275 0.063209 0.939373 -0.337021 1.850000
bicameral 29 0.149031 1.264361 1.737735 -0.010287 -0.342898 -0.939316 -0.003755 0.939373 -0.342877 1.850000
bicameral 30 0.487681 1.264361 1.700633 -0.193341 -0.342898 -0.919261 -0.070575 0.939373 -0.335556 1.850000
bicameral 31 0.812585 1.264361 1.598176 -0.368965 -0.342898 -0.863879 -0.134683 0.939373 -0.315340 1.850000
cyber_nest -- d5586162e958e121
cyber_nest 00 -0.000000 1.000000 3.000000 0.000000 -0.316228 -0.948683 -0.000000 0.948683 -0.316228 3.162278
cyber_nest 01 0.585271 1.000000 2.942356 -0.185079 -0.316228 -0.930455 -0.061693 0.948683 -0.310152 3.162278
cyber_nest 02 1.148050 1.000000 2.771639 -0.363045 -0.316228 -0.876469 -0.121015 0.948683 -0.292156 3.162278
cyber_nest 03 1.666711 1.000000 2.494409 -0.527060 -0.316228 -0.788801 -0.175687 0.948683 -0.262934 3.162278
cyber_nest 04 2.121321 1.000000 2.121320 -0.670821 -0.316228 -0.670820 -0.223607 0.948683 -0.223607 3.162278
cyber_nest 05 2.494409 1.000000 1.666710 -0.788801 -0.316228 -0.527060 -0.262934 0.948683 -0.175687 3.162278
cyber_nest 06 2.771639 1.000000 1.148050 -0.876469 -0.316228 -0.363045 -0.292156 0.948683 -0.121015 3.162277
cyber_nest 07 2.942356 1.000000 0.585270 -0.930455 -0.316228 -0.185079 -0.310152 0.948683 -0.061693 3.162277
cyber_nest 08 3.000000 1.000000 0.000000 -0.948683 -0.316228 -0.000000 -0.316228 0.948684 0.000000 3.162278
cyber_nest 09 2.942356 1.000000 -0.585271 -0.930455 -0.316228 0.185079 -0.310152 0.948683 0.061693 3.162278
cyber_nest 10 2.771639 1.000000 -1.148050 -0.876469 -0.316228 0.363045 -0.292156 0.948683 0.121015 3.162278
cyber_nest 11 2.494409 1.000000 -1.666711 -0.788801 -0.316228 0.527060 -0.262934 0.948683 0.175687 3.162278
cyber_nest 12 2.121320 1.000000 -2.121321 -0.670820 -0.316228 0.670821 -0.223607 0.948683 0.223607 3.162278
cyber_nest 13 1.666711 1.000000 -2.494409 -0.527060 -0.316228 0.788801 -0.175687 0.948683 0.262934 3.162278
cyber_nest 14 1.148050 1.000000 -2.771638 -0.363045 -0.316228 0.876469 -0.121015 0.948683 0.292156 3.162277
cyber_nest 15 0.585270 1.000000 -2.942356 -0.185079 -0.316228 0.930455 -0.061693 0.948683 0.310152 3.162277
cyber_nest 16 0.000000 1.000000 -3.000000 -0.000000 -0.316228 0.948683 0.000000 0.948683 0.316228 3.162278
cyber_nest 17 -0.585271 1.000000 -2.942356 0.185079 -0.316228 0.930455 0.061693 0.948683 0.310152 3.162278
cyber_nest 18 -1.148050 1.000000 -2.771639 0.363045 -0.316228 0.876469 0.121015 0.948683 0.292156 3.162278
cyber_nest 19 -1.666711 1.000000 -2.494409 0.527060 -0.316228 0.788801 0.175687 0.948683 0.262934 3.162278
cyber_nest 20 -2.121321 1.000000 -2.121320 0.670821 -0.316228 0.670820 0.223607 0.948683 0.223607 3.162278
cyber_nest 21 -2.494409 1.000000 -1.666710 0.788801 -0.316228 0.527060 0.262934 0.948683 0.175687 3.162278
cyber_nest 22 -2.771639 1.000000 -1.148050 0.876469 -0.316228 0.363045 0.292156 0.948683 0.121015 3.162277
cyber_nest 23 -2.942356 1.000000 -0.585270 0.930455 -0.316228 0.185079 0.310152 0.948683 0.061693 3.162277
cyber_nest 24 -3.000000 1.000000 0.000001 0.948683 -0.316228 -0.000000 0.316228 0.948683 -0.000000 3.162278
cyber_nest 25 -2.942356 1.000000 0.585271 0.930455 -0.316228 -0.185079 0.310152 0.948683 -0.061693 3.162278
cyber_nest 26 -2.771639 1.000000 1.148051 0.876469 -0.316228 -0.363046 0.292156 0.948684 -0.121015 3.162278
cyber_nest 27 -2.494409 1.000000 1.666711 0.788801 -0.316228 -0.527060 0.262934 0.948683 -0.175687 3.162278
cyber_nest 28 -2.121320 1.000000 2.121321 0.670820 -0.316228 -0.670821 0.223607 0.948683 -0.223607 3.162278
cyber_nest 29 -1.666711 1.000000 2.494409 0.527060 -0.316228 -0.788801 0.175687 0.948683 -0.262934 3.162278
cyber_nest 30 -1.148050 1.000000 2.771639 0.363045 -0.316228 -0.876469 0.121015 0.948683 -0.292156 3.162277
cyber_nest 31 -0.585270 1.000000 2.942356 0.185079 -0.316228 -0.930455 0.061693 0.948683 -0.310152 3.162277
diamond -- e48af567164f20de
diamond 00 -0.000000 1.000000 3.000000 0.000000 -0.316228 -0.948683 -0.000000 0.948683 -0.316228 3.162278
diamond 01 0.585271 1.000000 2.942356 -0.185079 -0.316228 -0.930455 -0.061693 0.948683 -0.310152 3.162278
diamond 02 1.148050 1.000000 2.771639 -0.363045 -0.316228 -0.876469 -0.121015 0.948683 -0.292156 3.162278
diamond 03 1.666711 1.000000 2.494409 -0.527060 -0.316228 -0.788801 -0.175687 0.948683 -0.262934 3.162278
diamond 04 2.121321 1.000000 2.121320 -0.670821 -0.316228 -0.670820 -0.223607 0.948683 -0.223607 3.162278
diamond 05 2.494409 1.000000 1.666710 -0.788801 -0.316228 -0.527060 -0.262934 0.948683 -0.175687 3.162278
diamond 06 2.771639 1.000000 1.148050 -0.876469 -0.316228 -0.363045 -0.292156 0.948683 -0.121015 3.162277
diamond 07 2.942356 1.000000 0.585270 -0.930455 -0.316228 -0.185079 -0.310152 0.948683 -0.061693 3.162277
diamond 08 3.000000 1.000000 0.000000 -0.948683 -0.316228 -0.000000 -0.316228 0.948684 0.000000 3.162278
diamond 09 2.942356 1.000000 -0.585271 -0.930455 -0.316228 0.185079 -0.310152 0.948683 0.061693 3.162278
diamond 10 2.771639 1.000000 -1.148050 -0.876469 -0.316228 0.363045 -0.292156 0.948683 0.121015 3.162278
diamond 11 2.494409 1.000000 -1.666711 -0.788801 -0.316228 0.527060 -0.262934 0.948683 0.175687 3.162278
diamond 12 2.121320 1.000000 -2.121321 -0.670820 -0.316228 0.670821 -0.223607 0.948683 0.223607 3.162278
diamond 13 1.666711 1.000000 -2.494409 -0.527060 -0.316228 0.788801 -0.175687 0.948683 0.262934 3.162278
diamond 14 1.148050 1.000000 -2.771638 -0.363045 -0.316228 0.876469 -0.121015 0.948683 0.292156 3.162277
diamond 15 0.585270 1.000000 -2.942356 -0.185079 -0.316228 0.930455 -0.061693 0.948683 0.310152 3.162277
diamond 16 0.000000 1.000000 -3.000000 -0.000000 -0.316228 0.948683 0.000000 0.948683 0.316228 3.162278
diamond 17 -0.585271 1.000000 -2.942356 0.185079 -0.316228 0.930455 0.061693 0.948683 0.310152 3.162278
diamond 18 -1.148050 1.000000 -2.771639 0.363045 -0.316228 0.876469 0.121015 0.948683 0.292156 3.162278
diamond 19 -1.666711 1.000000 -2.494409 0.527060 -0.316228 0.788801 0.175687 0.948683 0.262934 3.162278
diamond 20 -2.121321 1.000000 -2.121320 0.670821 -0.316228 0.670820 0.223607 0.948683 0.223607 3.162278
diamond 21 -2.494409 1.000000 -1.666710 0.788801 -0.316228 0.527060 0.262934 0.948683 0.175687 3.162278
diamond 22 -2.771639 1.000000 -1.148050 0.876469 -0.316228 0.363045 0.292156 0.948683 0.121015 3.162277
diamond 23 -2.942356 1.000000 -0.585270 0.930455 -0.316228 0.185079 0.310152 0.948683 0.061693 3.162277
diamond 24 -3.000000 1.000000 0.000001 0.948683 -0.316228 -0.000000 0.316228 0.948683 -0.000000 3.162278
diamond 25 -2.942356 1.000000 0.585271 0.930455 -0.316228 -0.185079 0.310152 0.948683 -0.061693 3.162278
diamond 26 -2.771639 1.000000 1.148051 0.876469 -0.316228 -0.363046 0.292156 0.948684 -0.121015 3.162278
diamond 27 -2.494409 1.000000 1.666711 0.788801 -0.316228 -0.527060 0.262934 0.948683 -0.175687 3.162278
diamond 28 -2.121320 1.000000 2.121321 0.670820 -0.316228 -0.670821 0.223607 0.948683 -0.223607 3.162278
diamond 29 -1.666711 1.000000 2.494409 0.527060 -0.316228 -0.788801 0.175687 0.948683 -0.262934 3.162278
diamond 30 -1.148050 1.000000 2.771639 0.363045 -0.316228 -0.876469 0.121015 0.948683 -0.292156 3.162277
diamond 31 -0.585270 1.000000 2.942356 0.185079 -0.316228 -0.930455 0.061693 0.948683 -0.310152 3.162277
dragon -- 0895de30ffacfdd9
dragon 00 -0.000000 1.000000 3.000000 0.000000 -0.316228 -0.948683 -0.000000 0.948683 -0.316228 3.162278
dragon 01 0.585271 1.000000 2.942356 -0.185079 -0.316228 -0.930455 -0.061693 0.948683 -0.310152 3.162278
dragon 02 1.148050 1.000000 2.771639 -0.363045 -0.316228 -0.876469 -0.121015 0.948683 -0.292156 3.162278
dragon 03 1.666711 1.000000 2.494409 -0.527060 -0.316228 -0.788801 -0.175687 0.948683 -0.262934 3.162278
dragon 04 2.121321 1.000000 2.121320 -0.670821 -0.316228 -0.670820 -0.223607 0.948683 -0.223607 3.162278
dragon 05 2.494409 1.000000 1.666710 -0.788801 -0.316228 -0.527060 -0.262934 0.948683 -0.175687 3.162278
dragon 06 2.771639 1.000000 1.148050 -0.876469 -0.316228 -0.363045 -0.292156 0.948683 -0.121015 3.162277
dragon 07 2.942356 1.000000 0.585270 -0.930455 -0.316228 -0.185079 -0.310152 0.948683 -0.061693 3.162277
dragon 08 3.000000 1.000000 0.000000 -0.948683 -0.316228 -0.000000 -0.316228 0.948684 0.000000 3.162278
dragon 09 2.942356 1.000000 -0.585271 -0.930455 -0.316228 0.185079 -0.310152 0.948683 0.061693 3.162278
dragon 10 2.771639 1.000000 -1.148050 -0.876469 -0.316228 0.363045 -0.292156 0.948683 0.121015 3.162278
dragon 11 2.494409 1.000000 -1.666711 -0.788801 -0.316228 0.527060 -0.262934 0.948683 0.175687 3.162278
dragon 12 2.121320 1.000000 -2.121321 -0.670820 -0.316228 0.670821 -0.223607 0.948683 0.223607 3.162278
dragon 13 1.666711 1.000000 -2.494409 -0.527060 -0.316228 0.788801 -0.175687 0.948683 0.262934 3.162278
dragon 14 1.148050 1.000000 -2.771638 -0.363045 -0.316228 0.876469 -0.121015 0.948683 0.292156 3.162277
dragon 15 0.585270 1.000000 -2.942356 -0.185079 -0.316228 0.930455 -0.061693 0.948683 0.310152 3.162277
dragon 16 0.000000 1.000000 -3.000000 -0.000000 -0.316228 0.948683 0.000000 0.948683 0.316228 3.162278
dragon 17 -0.585271 1.000000 -2.942356 0.185079 -0.316228 0.930455 0.061693 0.948683 0.310152 3.162278
dragon 18 -1.148050 1.000000 -2.771639 0.363045 -0.316228 0.876469 0.121015 0.948683 0.292156 3.162278
dragon 19 -1.666711 1.000000 -2.494409 0.527060 -0.316228 0.788801 0.175687 0.948683 0.262934 3.162278
dragon 20 -2.121321 1.000000 -2.121320 0.670821 -0.316228 0.670820 0.223607 0.948683 0.223607 3.162278
dragon 21 -2.494409 1.000000 -1.666710 0.788801 -0.316228 0.527060 0.262934 0.948683 0.175687 3.162278
dragon 22 -2.771639 1.000000 -1.148050 0.876469 -0.316228 0.363045 0.292156 0.948683 0.121015 3.162277
dragon 23 -2.942356 1.000000 -0.585270 0.930455 -0.316228 0.185079 0.310152 0.948683 0.061693 3.162277
dragon 24 -3.000000 1.000000 0.000001 0.948683 -0.316228 -0.000000 0.316228 0.948683 -0.000000 3.162278
dragon 25 -2.942356 1.000000 0.585271 0.930455 -0.316228 -0.185079 0.310152 0.948683 -0.061693 3.162278
dragon 26 -2.771639 1.000000 1.148051 0.876469 -0.316228 -0.363046 0.292156 0.948684 -0.121015 3.162278
dragon 27 -2.494409 1.000000 1.666711 0.788801 -0.316228 -0.527060 0.262934 0.948683 -0.175687 3.162278
dragon 28 -2.121320 1.000000 2.121321 0.670820 -0.316228 -0.670821 0.223607 0.948683 -0.223607 3.162278
dragon 29 -1.666711 1.000000 2.494409 0.527060 -0.316228 -0.788801 0.175687 0.948683 -0.262934 3.162278
dragon 30 -1.148050 1.000000 2.771639 0.363045 -0.316228 -0.876469 0.121015 0.948683 -0.292156 3.162277
dragon 31 -0.585270 1.000000 2.942356 0.185079 -0.316228 -0.930455 0.061693 0.948683 -0.310152 3.162277
dragon_smoke -- 9185a8c054b05cfc
dragon_smoke 00 -0.000001 0.800000 3.600000 0.000000 -0.216930 -0.976187 0.000000 0.976187 -0.216930 3.687818
dragon_smoke 01 0.702325 0.800000 3.530827 -0.190445 -0.216931 -0.957430 -0.042321 0.976187 -0.212762 3.687818
dragon_smoke 02 1.377660 0.800000 3.325967 -0.373571 -0.216930 -0.901879 -0.083016 0.976187 -0.200418 3.687818
dragon_smoke 03 2.000053 0.800000 2.993291 -0.542341 -0.216931 -0.811670 -0.120520 0.976187 -0.180371 3.687818
dragon_smoke 04 2.545584 0.800000 2.545585 -0.690268 -0.216930 -0.690269 -0.153393 0.976187 -0.153393 3.687818
dragon_smoke 05 2.993290 0.800000 2.000054 -0.811670 -0.216931 -0.542341 -0.180371 0.976187 -0.120520 3.687818
dragon_smoke 06 3.325967 0.800000 1.377661 -0.901879 -0.216931 -0.373571 -0.200418 0.976187 -0.083016 3.687818
dragon_smoke 07 3.530828 0.800000 0.702326 -0.957430 -0.216931 -0.190445 -0.212762 0.976187 -0.042321 3.687818
dragon_smoke 08 3.600001 0.800000 0.000000 -0.976187 -0.216931 -0.000000 -0.216931 0.976187 0.000000 3.687818
dragon_smoke 09 3.530828 0.800000 -0.702325 -0.957430 -0.216931 0.190445 -0.212762 0.976187 0.042321 3.687818
dragon_smoke 10 3.325967 0.800000 -1.377660 -0.901879 -0.216930 0.373571 -0.200418 0.976187 0.083016 3.687818
dragon_smoke 11 2.993292 0.800000 -2.000052 -0.811670 -0.216931 0.542340 -0.180371 0.976187 0.120520 3.687818
dragon_smoke 12 2.545585 0.800000 -2.545584 -0.690269 -0.216930 0.690268 -0.153393 0.976187 0.153393 3.687818
dragon_smoke 13 2.000053 0.800000 -2.993291 -0.542341 -0.216930 0.811670 -0.120520 0.976187 0.180371 3.687818
dragon_smoke 14 1.377661 0.800000 -3.325967 -0.373571 -0.216931 0.901879 -0.083016 0.976187 0.200418 3.687818
dragon_smoke 15 0.702325 0.800000 -3.530827 -0.190445 -0.216930 0.957430 -0.042321 0.976187 0.212762 3.687818
dragon_smoke 16 0.000000 0.800000 -3.600000 -0.000000 -0.216930 0.976187 -0.000000 0.976187 0.216930 3.687818
dragon_smoke 17 -0.702325 0.800000 -3.530827 0.190445 -0.216930 0.957430 0.042321 0.976187 0.212762 3.687818
dragon_smoke 18 -1.377661 0.800000 -3.325967 0.373571 -0.216930 0.901879 0.083016 0.976187 0.200418 3.687818
dragon_smoke 19 -2.000054 0.800000 -2.993290 0.542341 -0.216930 0.811670 0.120520 0.976187 0.180371 3.687818
dragon_smoke 20 -2.545585 0.800000 -2.545584 0.690269 -0.216930 0.690269 0.153393 0.976187 0.153393 3.687818
dragon_smoke 21 -2.993290 0.800000 -2.000053 0.811670 -0.216931 0.542341 0.180371 0.976187 0.120520 3.687818
dragon_smoke 22 -3.325967 0.800000 -1.377661 0.901879 -0.216931 0.373571 0.200418 0.976187 0.083016 3.687818
dragon_smoke 23 -3.530828 0.800000 -0.702325 0.957430 -0.216931 0.190444 0.212762 0.976187 0.042321 3.687818
dragon_smoke 24 -3.600001 0.800000 0.000000 0.976187 -0.216931 -0.000000 0.216931 0.976187 -0.000000 3.687818
dragon_smoke 25 -3.530827 0.800000 0.702325 0.957430 -0.216931 -0.190445 0.212762 0.976187 -0.042321 3.687818
dragon_smoke 26 -3.325966 0.800000 1.377660 0.901879 -0.216930 -0.373571 0.200418 0.976187 -0.083016 3.687818
dragon_smoke 27 -2.993291 0.800000 2.000052 0.811670 -0.216931 -0.542340 0.180371 0.976187 -0.120520 3.687818
dragon_smoke 28 -2.545585 0.800000 2.545584 0.690269 -0.216931 -0.690269 0.153393 0.976187 -0.153393 3.687818
dragon_smoke 29 -2.000053 0.800000 2.993291 0.542341 -0.216931 -0.811670 0.120520 0.976187 -0.180371 3.687818
dragon_smoke 30 -1.377661 0.800000 3.325967 0.373571 -0.216931 -0.901879 0.083016 0.976187 -0.200418 3.687818
dragon_smoke 31 -0.702324 0.800000 3.530828 0.190444 -0.216930 -0.957430 0.042321 0.976187 -0.212762 3.687818
featherfall -- c5fd27aef072d024
featherfall 00 0.100000 0.600000 2.400000 -0.000000 -0.203954 -0.978980 0.000000 0.978980 -0.203954 2.451530
featherfall 01 0.568217 0.600000 2.353885 -0.190990 -0.203954 -0.960170 -0.039789 0.978981 -0.200035 2.451530
featherfall 02 1.018440 0.600000 2.217311 -0.374640 -0.203954 -0.904460 -0.078050 0.978980 -0.188429 2.451530
featherfall 03 1.433369 0.600000 1.995527 -0.543892 -0.203954 -0.813993 -0.113311 0.978980 -0.169582 2.451530
featherfall 04 1.797057 0.600000 1.697056 -0.692244 -0.203954 -0.692244 -0.144217 0.978980 -0.144217 2.451530
featherfall 05 2.095527 0.600000 1.333368 -0.813993 -0.203954 -0.543892 -0.169582 0.978980 -0.113311 2.451530
featherfall 06 2.317311 0.600000 0.918441 -0.904460 -0.203954 -0.374640 -0.188429 0.978981 -0.078050 2.451530
featherfall 07 2.453885 0.600000 0.468217 -0.960169 -0.203954 -0.190990 -0.200035 0.978980 -0.039789 2.451530
featherfall 08 2.500000 0.600000 0.000000 -0.978981 -0.203954 -0.000000 -0.203954 0.978981 -0.000000 2.451530
featherfall 09 2.453884 0.600000 -0.468217 -0.960169 -0.203954 0.190990 -0.200035 0.978980 0.039789 2.451530
featherfall 10 2.317311 0.600000 -0.918441 -0.904460 -0.203954 0.374640 -0.188429 0.978981 0.078050 2.451530
featherfall 11 2.095527 0.600000 -1.333369 -0.813993 -0.203954 0.543893 -0.169582 0.978981 0.113311 2.451530
featherfall 12 1.797057 0.600000 -1.697057 -0.692244 -0.203954 0.692244 -0.144217 0.978981 0.144217 2.451530
featherfall 13 1.433368 0.600000 -1.995528 -0.543892 -0.203954 0.813993 -0.113311 0.978981 0.169582 2.451530
featherfall 14 1.018440 0.600000 -2.217311 -0.374639 -0.203954 0.904460 -0.078050 0.978980 0.188429 2.451530
featherfall 15 0.568217 0.600000 -2.353885 -0.190990 -0.203954 0.960170 -0.039790 0.978981 0.200035 2.451530
featherfall 16 0.100000 0.600000 -2.400000 0.000000 -0.203954 0.978981 0.000000 0.978981 0.203954 2.451530
featherfall 17 -0.368217 0.600000 -2.353885 0.190990 -0.203954 0.960170 0.039789 0.978981 0.200035 2.451530
featherfall 18 -0.818440 0.600000 -2.217311 0.374640 -0.203954 0.904460 0.078050 0.978980 0.188429 2.451530
featherfall 19 -1.233369 0.600000 -1.995527 0.543893 -0.203954 0.813992 0.113311 0.978980 0.169582 2.451530
featherfall 20 -1.597057 0.600000 -1.697056 0.692244 -0.203954 0.692244 0.144217 0.978980 0.144217 2.451530
featherfall 21 -1.895527 0.600000 -1.333369 0.813993 -0.203954 0.543893 0.169582 0.978981 0.113311 2.451530
featherfall 22 -2.117311 0.600000 -0.918441 0.904460 -0.203954 0.374640 0.188429 0.978980 0.078050 2.451530
featherfall 23 -2.253885 0.600000 -0.468217 0.960170 -0.203954 0.190990 0.200035 0.978980 0.039790 2.451530
featherfall 24 -2.300000 0.600000 0.000000 0.978980 -0.203954 -0.000000 0.203954 0.978980 0.000000 2.451530
featherfall 25 -2.253885 0.600000 0.468217 0.960170 -0.203954 -0.190990 0.200035 0.978980 -0.039790 2.451530
featherfall 26 -2.117311 0.600000 0.918440 0.904460 -0.203954 -0.374639 0.188429 0.978980 -0.078050 2.451530
featherfall 27 -1.895527 0.600000 1.333369 0.813992 -0.203954 -0.543892 0.169582 0.978980 -0.113311 2.451530
featherfall 28 -1.597056 0.600000 1.697056 0.692244 -0.203954 -0.692244 0.144217 0.978980 -0.144217 2.451530
featherfall 29 -1.233369 0.600000 1.995528 0.543892 -0.203954 -0.813993 0.113311 0.978981 -0.169582 2.451530
featherfall 30 -0.818440 0.600000 2.217312 0.374640 -0.203954 -0.904460 0.078050 0.978981 -0.188429 2.451530
featherfall 31 -0.368217 0.600000 2.353885 0.190990 -0.203954 -0.960170 0.039789 0.978980 -0.200035 2.451530
fern_3d -- 7d76b336e2d7c3a7
fern_3d 00 -0.000000 1.000000 3.000000 0.000000 -0.316228 -0.948683 -0.000000 0.948683 -0.316228 3.162278
fern_3d 01 0.585271 1.000000 2.942356 -0.185079 -0.316228 -0.930455 -0.061693 0.948683 -0.310152 3.162278
fern_3d 02 1.148050 1.000000 2.771639 -0.363045 -0.316228 -0.876469 -0.121015 0.948683 -0.292156 3.162278
fern_3d 03 1.666711 1.000000 2.494409 -0.527060 -0.316228 -0.788801 -0.175687 0.948683 -0.262934 3.162278
fern_3d 04 2.121321 1.000000 2.121320 -0.670821 -0.316228 -0.670820 -0.223607 0.948683 -0.223607 3.162278
fern_3d 05 2.494409 1.000000 1.666710 -0.788801 -0.316228 -0.527060 -0.262934 0.948683 -0.175687 3.162278
fern_3d 06 2.771639 1.000000 1.148050 -0.876469 -0.316228 -0.363045 -0.292156 0.948683 -0.121015 3.162277
fern_3d 07 2.942356 1.000000 0.585270 -0.930455 -0.316228 -0.185079 -0.310152 0.948683 -0.061693 3.162277
fern_3d 08 3.000000 1.000000 0.000000 -0.948683 -0.316228 -0.000000 -0.316228 0.948684 0.000000 3.162278
fern_3d 09 2.942356 1.000000 -0.585271 -0.930455 -0.316228 0.185079 -0.310152 0.948683 0.061693 3.162278
fern_3d 10 2.771639 1.000000 -1.148050 -0.876469 -0.316228 0.363045 -0.292156 0.948683 0.121015 3.162278
fern_3d 11 2.494409 1.000000 -1.666711 -0.788801 -0.316228 0.527060 -0.262934 0.948683 0.175687 3.162278
fern_3d 12 2.121320 1.000000 -2.121321 -0.670820 -0.316228 0.670821 -0.223607 0.948683 0.223607 3.162278
fern_3d 13 1.666711 1.000000 -2.494409 -0.527060 -0.316228 0.788801 -0.175687 0.948683 0.262934 3.162278
fern_3d 14 1.148050 1.000000 -2.771638 -0.363045 -0.316228 0.876469 -0.121015 0.948683 0.292156 3.162277
fern_3d 15 0.585270 1.000000 -2.942356 -0.185079 -0.316228 0.930455 -0.061693 0.948683 0.310152 3.162277
fern_3d 16 0.000000 1.000000 -3.000000 -0.000000 -0.316228 0.948683 0.000000 0.948683 0.316228 3.162278
fern_3d 17 -0.585271 1.000000 -2.942356 0.185079 -0.316228 0.930455 0.061693 0.948683 0.310152 3.162278
fern_3d 18 -1.148050 1.000000 -2.771639 0.363045 -0.316228 0.876469 0.121015 0.948683 0.292156 3.162278
fern_3d 19 -1.666711 1.000000 -2.494409 0.527060 -0.316228 0.788801 0.175687 0.948683 0.262934 3.162278
fern_3d 20 -2.121321 1.000000 -2.121320 0.670821 -0.316228 0.670820 0.223607 0.948683 0.223607 3.162278
fern_3d 21 -2.494409 1.000000 -1.666710 0.788801 -0.316228 0.527060 0.262934 0.948683 0.175687 3.162278
fern_3d 22 -2.771639 1.000000 -1.148050 0.876469 -0.316228 0.363045 0.292156 0.948683 0.121015 3.162277
fern_3d 23 -2.942356 1.000000 -0.585270 0.930455 -0.316228 0.185079 0.310152 0.948683 0.061693 3.162277
fern_3d 24 -3.000000 1.000000 0.000001 0.948683 -0.316228 -0.000000 0.316228 0.948683 -0.000000 3.162278
fern_3d 25 -2.942356 1.000000 0.585271 0.930455 -0.316228 -0.185079 0.310152 0.948683 -0.061693 3.162278
fern_3d 26 -2.771639 1.000000 1.148051 0.876469 -0.316228 -0.363046 0.292156 0.948684 -0.121015 3.162278
fern_3d 27 -2.494409 1.000000 1.666711 0.788801 -0.316228 -0.527060 0.262934 0.948683 -0.175687 3.162278
fern_3d 28 -2.121320 1.000000 2.121321 0.670820 -0.316228 -0.670821 0.223607 0.948683 -0.223607 3.162278
fern_3d 29 -1.666711 1.000000 2.494409 0.527060 -0.316228 -0.788801 0.175687 0.948683 -0.262934 3.162278
fern_3d 30 -1.148050 1.000000 2.771639 0.363045 -0.316228 -0.876469 0.121015 0.948683 -0.292156 3.162277
fern_3d 31 -0.585270 1.000000 2.942356 0.185079 -0.316228 -0.930455 0.061693 0.948683 -0.310152 3.162277
galaxy -- 82c0f6ddf48975e5
galaxy 00 -0.000000 1.000000 3.000000 0.000000 -0.316228 -0.948683 -0.000000 0.948683 -0.316228 3.162278
galaxy 01 0.585271 1.000000 2.942356 -0.185079 -0.316228 -0.930455 -0.061693 0.948683 -0.310152 3.162278
galaxy 02 1.148050 1.000000 2.771639 -0.363045 -0.316228 -0.876469 -0.121015 0.948683 -0.292156 3.162278
galaxy 03 1.666711 1.000000 2.494409 -0.527060 -0.316228 -0.788801 -0.175687 0.948683 -0.262934 3.162278
galaxy 04 2.121321 1.000000 2.121320 -0.670821 -0.316228 -0.670820 -0.223607 0.948683 -0.223607 3.162278
galaxy 05 2.494409 1.000000 1.666710 -0.788801 -0.316228 -0.527060 -0.262934 0.948683 -0.175687 3.162278
galaxy 06 2.771639 1.000000 1.148050 -0.876469 -0.316228 -0.363045 -0.292156 0.948683 -0.121015 3.162277
galaxy 07 2.942356 1.000000 0.585270 -0.930455 -0.316228 -0.185079 -0.310152 0.948683 -0.061693 3.162277
galaxy 08 3.000000 1.000000 0.000000 -0.948683 -0.316228 -0.000000 -0.316228 0.948684 0.000000 3.162278
galaxy 09 2.942356 1.000000 -0.585271 -0.930455 -0.316228 0.185079 -0.310152 0.948683 0.061693 3.162278
galaxy 10 2.771639 1.000000 -1.148050 -0.876469 -0.316228 0.363045 -0.292156 0.948683 0.121015 3.162278
galaxy 11 2.494409 1.000000 -1.666711 -0.788801 -0.316228 0.527060 -0.262934 0.948683 0.175687 3.162278
galaxy 12 2.121320 1.000000 -2.121321 -0.670820 -0.316228 0.670821 -0.223607 0.948683 0.223607 3.162278
galaxy 13 1.666711 1.000000 -2.494409 -0.527060 -0.316228 0.788801 -0.175687 0.948683 0.262934 3.162278
galaxy 14 1.148050 1.000000 -2.771638 -0.363045 -0.316228 0.876469 -0.121015 0.948683 0.292156 3.162277
galaxy 15 0.585270 1.000000 -2.942356 -0.185079 -0.316228 0.930455 -0.061693 0.948683 0.310152 3.162277
galaxy 16 0.000000 1.000000 -3.000000 -0.000000 -0.316228 0.948683 0.000000 0.948683 0.316228 3.162278
galaxy 17 -0.585271 1.000000 -2.942356 0.185079 -0.316228 0.930455 0.061693 0.948683 0.310152 3.162278
galaxy 18 -1.148050 1.000000 -2.771639 0.363045 -0.316228 0.876469 0.121015 0.948683 0.292156 3.162278
galaxy 19 -1.666711 1.000000 -2.494409 0.527060 -0.316228 0.788801 0.175687 0.948683 0.262934 3.162278
galaxy 20 -2.121321 1.000000 -2.121320 0.670821 -0.316228 0.670820 0.223607 0.948683 0.223607 3.162278
galaxy 21 -2.494409 1.000000 -1.666710 0.788801 -0.316228 0.527060 0.262934 0.948683 0.175687 3.162278
galaxy 22 -2.771639 1.000000 -1.148050 0.876469 -0.316228 0.363045 0.292156 0.948683 0.121015 3.162277
galaxy 23 -2.942356 1.000000 -0.585270 0.930455 -0.316228 0.185079 0.310152 0.948683 0.061693 3.162277
galaxy 24 -3.000000 1.000000 0.000001 0.948683 -0.316228 -0.000000 0.316228 0.948683 -0.000000 3.162278
galaxy 25 -2.942356 1.000000 0.585271 0.930455 -0.316228 -0.185079 0.310152 0.948683 -0.061693 3.162278
galaxy 26 -2.771639 1.000000 1.148051 0.876469 -0.316228 -0.363046 0.292156 0.948684 -0.121015 3.162278
galaxy 27 -2.494409 1.000000 1.666711 0.788801 -0.316228 -0.527060 0.262934 0.948683 -0.175687 3.162278
galaxy 28 -2.121320 1.000000 2.121321 0.670820 -0.316228 -0.670821 0.223607 0.948683 -0.223607 3.162278
galaxy 29 -1.666711 1.000000 2.494409 0.527060 -0.316228 -0.788801 0.175687 0.948683 -0.262934 3.162278
galaxy 30 -1.148050 1.000000 2.771639 0.363045 -0.316228 -0.876469 0.121015 0.948683 -0.292156 3.162277
galaxy 31 -0.585270 1.000000 2.942356 0.185079 -0.316228 -0.930455 0.061693 0.948683 -0.310152 3.162277
glasshouse -- a83ccd37f36d8f0b
glasshouse 00 -0.000000 1.000000 4.000000 0.000000 -0.242536 -0.970143 0.000000 0.970143 -0.242536 4.123106
glasshouse 01 0.780361 1.000000 3.923142 -0.189265 -0.242536 -0.951502 -0.047316 0.970143 -0.237875 4.123106
glasshouse 02 1.530734 1.000000 3.695519 -0.371257 -0.242536 -0.896295 -0.092814 0.970143 -0.224074 4.123106
glasshouse 03 2.222281 1.000000 3.325879 -0.538982 -0.242536 -0.806644 -0.134746 0.970143 -0.201661 4.123106
glasshouse 04 2.828427 1.000000 2.828428 -0.685994 -0.242536 -0.685995 -0.171499 0.970143 -0.171499 4.123106
glasshouse 05 3.325879 1.000000 2.222282 -0.806644 -0.242536 -0.538983 -0.201661 0.970143 -0.134746 4.123106
glasshouse 06 3.695518 1.000000 1.530735 -0.896295 -0.242536 -0.371258 -0.224074 0.970143 -0.092814 4.123105
glasshouse 07 3.923141 1.000000 0.780361 -0.951502 -0.242536 -0.189265 -0.237875 0.970142 -0.047316 4.123105
glasshouse 08 4.000000 1.000000 0.000000 -0.970143 -0.242536 -0.000000 -0.242536 0.970143 -0.000000 4.123106
glasshouse 09 3.923141 1.000000 -0.780361 -0.951502 -0.242536 0.189265 -0.237875 0.970142 0.047316 4.123106
glasshouse 10 3.695518 1.000000 -1.530733 -0.896295 -0.242536 0.371257 -0.224074 0.970143 0.092814 4.123106
glasshouse 11 3.325879 1.000000 -2.222281 -0.806644 -0.242536 0.538982 -0.201661 0.970143 0.134746 4.123106
glasshouse 12 2.828428 1.000000 -2.828427 -0.685994 -0.242536 0.685994 -0.171499 0.970143 0.171499 4.123106
glasshouse 13 2.222281 1.000000 -3.325878 -0.538982 -0.242536 0.806644 -0.134746 0.970142 0.201661 4.123106
glasshouse 14 1.530734 1.000000 -3.695518 -0.371258 -0.242536 0.896295 -0.092814 0.970143 0.224074 4.123105
glasshouse 15 0.780361 1.000000 -3.923141 -0.189265 -0.242536 0.951501 -0.047316 0.970143 0.237875 4.123105
glasshouse 16 -0.000000 1.000000 -4.000000 0.000000 -0.242536 0.970143 0.000000 0.970143 0.242536 4.123106
glasshouse 17 -0.780361 1.000000 -3.923141 0.189265 -0.242536 0.951502 0.047316 0.970143 0.237875 4.123106
glasshouse 18 -1.530734 1.000000 -3.695519 0.371258 -0.242536 0.896295 0.092814 0.970143 0.224074 4.123106
glasshouse 19 -2.222281 1.000000 -3.325879 0.538982 -0.242536 0.806644 0.134746 0.970143 0.201661 4.123106
glasshouse 20 -2.828428 1.000000 -2.828427 0.685994 -0.242536 0.685994 0.171499 0.970143 0.171499 4.123106
glasshouse 21 -3.325879 1.000000 -2.222282 0.806644 -0.242536 0.538983 0.201661 0.970143 0.134746 4.123106
glasshouse 22 -3.695518 1.000000 -1.530734 0.896295 -0.242536 0.371258 0.224074 0.970143 0.092814 4.123105
glasshouse 23 -3.923141 1.000000 -0.780362 0.951502 -0.242536 0.189266 0.237875 0.970143 0.047316 4.123105
glasshouse 24 -4.000000 1.000000 0.000000 0.970143 -0.242536 -0.000000 0.242536 0.970143 0.000000 4.123106
glasshouse 25 -3.923142 1.000000 0.780361 0.951502 -0.242536 -0.189265 0.237875 0.970143 -0.047316 4.123106
glasshouse 26 -3.695519 1.000000 1.530733 0.896295 -0.242536 -0.371257 0.224074 0.970143 -0.092814 4.123106
glasshouse 27 -3.325879 1.000000 2.222281 0.806644 -0.242536 -0.538982 0.201661 0.970143 -0.134746 4.123106
glasshouse 28 -2.828427 1.000000 2.828427 0.685994 -0.242536 -0.685994 0.171499 0.970142 -0.171499 4.123106
glasshouse 29 -2.222281 1.000000 3.325878 0.538982 -0.242536 -0.806644 0.134746 0.970142 -0.201661 4.123106
glasshouse 30 -1.530734 1.000000 3.695518 0.371258 -0.242536 -0.896295 0.092814 0.970143 -0.224074 4.123105
glasshouse 31 -0.780362 1.000000 3.923141 0.189266 -0.242536 -0.951502 0.047316 0.970143 -0.237875 4.123105
hazels-default -- c4690afdd8acc35b
hazels-default 00 -1.833811 2.915026 -0.005072 0.608962 -0.787166 0.097651 0.776516 0.616735 0.129077 3.703700
hazels-default 01 -1.415217 2.929302 -0.065787 0.521528 -0.844998 0.118268 0.812923 0.534193 0.231935 3.477771
hazels-default 02 -0.915910 2.842758 -0.174817 0.397892 -0.904043 0.156167 0.803431 0.425545 0.416425 3.176703
hazels-default 03 -0.521702 2.629166 -0.296137 0.286450 -0.935394 0.207327 0.710042 0.352544 0.609551 2.862668
hazels-default 04 -0.268589 2.317067 -0.551840 0.210839 -0.921839 0.325207 0.554849 0.386757 0.736588 2.576251
hazels-default 05 -0.043944 1.868330 -0.938393 0.136789 -0.836476 0.530656 0.329139 0.543636 0.772093 2.304254
hazels-default 06 0.254846 1.349107 -1.196195 0.010639 -0.687983 0.725649 0.082918 0.723798 0.685012 2.043869
hazels-default 07 0.582872 0.931070 -1.183415 -0.167777 -0.548597 0.819080 -0.109682 0.836087 0.537521 1.797851
hazels-default 08 0.841858 0.676197 -0.970257 -0.359199 -0.468671 0.807046 -0.212970 0.883106 0.418053 1.560576
hazels-default 09 1.002945 0.498385 -0.692022 -0.539379 -0.413766 0.733395 -0.258778 0.910253 0.323226 1.337918
hazels-default 10 1.082649 0.373319 -0.413656 -0.697539 -0.373007 0.611805 -0.280981 0.927829 0.245325 1.148824
hazels-default 11 1.098368 0.305670 -0.158896 -0.817634 -0.361120 0.448406 -0.322821 0.932442 0.162293 0.999309
hazels-default 12 1.035775 0.299292 0.054747 -0.871271 -0.409369 0.270747 -0.404143 0.911407 0.077502 0.865947
hazels-default 13 0.949228 0.302916 0.234774 -0.879053 -0.471313 0.071629 -0.473874 0.880284 -0.023331 0.759827
hazels-default 14 0.871680 0.286692 0.418418 -0.850250 -0.492384 -0.186097 -0.476183 0.870168 -0.126722 0.694360
hazels-default 15 0.776149 0.221549 0.648794 -0.737044 -0.412199 -0.535591 -0.372731 0.908977 -0.186636 0.671397
hazels-default 16 0.581946 0.090526 0.878412 -0.443860 -0.215143 -0.869886 -0.198093 0.970292 -0.138899 0.677344
hazels-default 17 0.299814 -0.052446 1.001372 -0.025988 -0.003866 -0.999655 -0.060373 0.998173 -0.002290 0.712418
hazels-default 18 0.020991 -0.135432 1.022159 0.332902 0.102606 -0.937362 -0.017752 0.994568 0.102563 0.781937
hazels-default 19 -0.241966 -0.169619 1.026656 0.574103 0.125536 -0.809102 -0.036471 0.991117 0.127898 0.911449
hazels-default 20 -0.532242 -0.189305 1.026611 0.735459 0.121234 -0.666635 -0.071527 0.992257 0.101540 1.106169
hazels-default 21 -0.862002 -0.200583 0.991252 0.847204 0.107731 -0.520231 -0.089417 0.994170 0.060258 1.349501
hazels-default 22 -1.219819 -0.171507 0.894598 0.925033 0.071672 -0.373064 -0.063582 0.997398 0.033963 1.622773
hazels-default 23 -1.620495 -0.082121 0.785733 0.967475 0.013695 -0.252595 -0.012068 0.999895 0.007992 1.965730
hazels-default 24 -2.047204 0.101407 0.620117 0.987864 -0.066440 -0.140391 0.065710 0.997790 -0.009833 2.357109
hazels-default 25 -2.419422 0.406030 0.314441 0.985684 -0.168349 -0.009224 0.168399 0.985706 0.004990 2.739879
hazels-default 26 -2.607790 0.908888 -0.216745 0.935503 -0.313283 0.163362 0.301656 0.948934 0.092343 3.083239
hazels-default 27 -2.491457 1.564237 -0.803419 0.816414 -0.479723 0.321456 0.426492 0.876207 0.224423 3.383956
hazels-default 28 -2.174961 2.172864 -1.178532 0.676242 -0.615821 0.404304 0.516551 0.787675 0.335772 3.622296
hazels-default 29 -1.997709 2.570827 -1.175116 0.607143 -0.692651 0.389374 0.591305 0.721187 0.360899 3.781678
hazels-default 30 -2.037822 2.787129 -0.775648 0.619620 -0.731382 0.284873 0.676777 0.681660 0.278053 3.850585
hazels-default 31 -2.030015 2.880961 -0.263070 0.635092 -0.755863 0.159153 0.737967 0.654596 0.164042 3.823935
helix -- 3c89d04abac59a7f
helix 00 -0.000000 2.500000 3.000001 0.000000 -0.447214 -0.894427 -0.000000 0.894427 -0.447214 3.354102
helix 01 0.585271 2.500000 2.942356 -0.174494 -0.447214 -0.877241 -0.087247 0.894427 -0.438621 3.354102
helix 02 1.148050 2.500000 2.771639 -0.342282 -0.447214 -0.826343 -0.171141 0.894427 -0.413172 3.354102
helix 03 1.666710 2.500000 2.494410 -0.496917 -0.447214 -0.743689 -0.248459 0.894427 -0.371845 3.354102
helix 04 2.121321 2.500000 2.121321 -0.632456 -0.447214 -0.632456 -0.316228 0.894427 -0.316228 3.354102
helix 05 2.494409 2.500000 1.666712 -0.743689 -0.447214 -0.496917 -0.371845 0.894427 -0.248459 3.354102
helix 06 2.771638 2.500000 1.148052 -0.826343 -0.447214 -0.342283 -0.413171 0.894427 -0.171141 3.354102
helix 07 2.942356 2.500000 0.585271 -0.877241 -0.447214 -0.174494 -0.438621 0.894427 -0.087247 3.354102
helix 08 3.000001 2.500000 0.000000 -0.894427 -0.447214 -0.000000 -0.447214 0.894427 -0.000000 3.354102
helix 09 2.942356 2.500000 -0.585270 -0.877241 -0.447214 0.174494 -0.438621 0.894427 0.087247 3.354102
helix 10 2.771639 2.500000 -1.148050 -0.826343 -0.447214 0.342283 -0.413172 0.894427 0.171141 3.354102
helix 11 2.494409 2.500000 -1.666711 -0.743689 -0.447214 0.496917 -0.371845 0.894427 0.248459 3.354102
helix 12 2.121321 2.500000 -2.121320 -0.632456 -0.447214 0.632456 -0.316228 0.894427 0.316228 3.354102
helix 13 1.666711 2.500000 -2.494410 -0.496917 -0.447214 0.743689 -0.248458 0.894427 0.371844 3.354102
helix 14 1.148050 2.500000 -2.771639 -0.342282 -0.447213 0.826343 -0.171141 0.894427 0.413171 3.354102
helix 15 0.585270 2.500000 -2.942356 -0.174494 -0.447214 0.877241 -0.087247 0.894427 0.438621 3.354102
helix 16 -0.000001 2.500000 -3.000000 0.000000 -0.447214 0.894427 0.000000 0.894427 0.447214 3.354102
helix 17 -0.585271 2.500000 -2.942356 0.174494 -0.447214 0.877241 0.087247 0.894427 0.438621 3.354102
helix 18 -1.148051 2.500000 -2.771639 0.342283 -0.447214 0.826343 0.171141 0.894427 0.413171 3.354102
helix 19 -1.666711 2.500000 -2.494409 0.496917 -0.447214 0.743689 0.248459 0.894427 0.371844 3.354102
helix 20 -2.121321 2.500000 -2.121320 0.632456 -0.447214 0.632456 0.316228 0.894427 0.316228 3.354102
helix 21 -2.494409 2.500000 -1.666711 0.743689 -0.447214 0.496917 0.371845 0.894427 0.248459 3.354102
helix 22 -2.771639 2.500000 -1.148050 0.826343 -0.447214 0.342282 0.413171 0.894427 0.171141 3.354102
helix 23 -2.942357 2.500000 -0.585270 0.877241 -0.447214 0.174494 0.438621 0.894427 0.087247 3.354102
helix 24 -3.000001 2.500000 0.000000 0.894427 -0.447214 -0.000000 0.447214 0.894427 -0.000000 3.354102
helix 25 -2.942356 2.500000 0.585270 0.877241 -0.447214 -0.174494 0.438621 0.894427 -0.087247 3.354102
helix 26 -2.771638 2.500000 1.148050 0.826343 -0.447214 -0.342282 0.413171 0.894427 -0.171141 3.354102
helix 27 -2.494409 2.500000 1.666711 0.743689 -0.447214 -0.496917 0.371845 0.894427 -0.248459 3.354102
helix 28 -2.121321 2.500000 2.121320 0.632456 -0.447214 -0.632456 0.316228 0.894427 -0.316228 3.354102
helix 29 -1.666711 2.500000 2.494409 0.496917 -0.447213 -0.743689 0.248459 0.894427 -0.371844 3.354102
helix 30 -1.148051 2.500000 2.771639 0.342283 -0.447214 -0.826343 0.171141 0.894427 -0.413171 3.354102
helix 31 -0.585271 2.500000 2.942356 0.174494 -0.447214 -0.877241 0.087247 0.894427 -0.438621 3.354102
jellyfish -- 43cbfa83fa43edab
jellyfish 00 0.000001 -0.550000 5.500000 -0.000000 0.036340 -0.999340 0.000000 0.999340 0.036340 5.503635
jellyfish 01 1.072998 -0.550000 5.394320 -0.194962 0.036340 -0.980138 0.007090 0.999340 0.035641 5.503635
jellyfish 02 2.104759 -0.550000 5.081338 -0.382431 0.036340 -0.923269 0.013907 0.999340 0.033573 5.503635
jellyfish 03 3.055637 -0.550000 4.573083 -0.555203 0.036340 -0.830920 0.020189 0.999340 0.030215 5.503635
jellyfish 04 3.889088 -0.550000 3.889086 -0.706640 0.036340 -0.706640 0.025696 0.999340 0.025696 5.503635
jellyfish 05 4.573083 -0.550000 3.055635 -0.830921 0.036340 -0.555203 0.030215 0.999340 0.020189 5.503635
jellyfish 06 5.081337 -0.550000 2.104758 -0.923269 0.036340 -0.382431 0.033573 0.999339 0.013907 5.503634
jellyfish 07 5.394318 -0.550000 1.072995 -0.980137 0.036340 -0.194961 0.035641 0.999339 0.007090 5.503634
jellyfish 08 5.500000 -0.550000 -0.000001 -0.999339 0.036340 0.000000 0.036340 0.999340 -0.000000 5.503635
jellyfish 09 5.394319 -0.550000 -1.072997 -0.980138 0.036340 0.194961 0.035641 0.999340 -0.007090 5.503635
jellyfish 10 5.081337 -0.550000 -2.104759 -0.923269 0.036340 0.382431 0.033573 0.999339 -0.013907 5.503635
jellyfish 11 4.573083 -0.550000 -3.055637 -0.830920 0.036340 0.555203 0.030215 0.999340 -0.020189 5.503635
jellyfish 12 3.889086 -0.550000 -3.889088 -0.706640 0.036340 0.706640 0.025696 0.999340 -0.025696 5.503635
jellyfish 13 3.055635 -0.550000 -4.573083 -0.555203 0.036340 0.830921 0.020189 0.999340 -0.030215 5.503635
jellyfish 14 2.104757 -0.550000 -5.081337 -0.382430 0.036340 0.923269 0.013907 0.999340 -0.033573 5.503634
jellyfish 15 1.072996 -0.550000 -5.394318 -0.194961 0.036340 0.980137 0.007090 0.999340 -0.035641 5.503634
jellyfish 16 -0.000001 -0.550000 -5.500000 0.000000 0.036340 0.999340 -0.000000 0.999340 -0.036340 5.503635
jellyfish 17 -1.072999 -0.550000 -5.394319 0.194962 0.036340 0.980137 -0.007090 0.999340 -0.035641 5.503635
jellyfish 18 -2.104760 -0.550000 -5.081336 0.382431 0.036340 0.923269 -0.013907 0.999340 -0.033573 5.503635
jellyfish 19 -3.055637 -0.550000 -4.573083 0.555203 0.036340 0.830920 -0.020189 0.999340 -0.030215 5.503635
jellyfish 20 -3.889087 -0.550000 -3.889086 0.706640 0.036340 0.706640 -0.025696 0.999339 -0.025696 5.503635
jellyfish 21 -4.573083 -0.550000 -3.055636 0.830920 0.036340 0.555203 -0.030215 0.999340 -0.020189 5.503635
jellyfish 22 -5.081337 -0.550000 -2.104759 0.923269 0.036340 0.382431 -0.033573 0.999340 -0.013907 5.503634
jellyfish 23 -5.394318 -0.550000 -1.072997 0.980137 0.036340 0.194962 -0.035641 0.999339 -0.007090 5.503634
jellyfish 24 -5.500000 -0.550000 0.000000 0.999340 0.036340 -0.000000 -0.036340 0.999340 -0.000000 5.503635
jellyfish 25 -5.394320 -0.550000 1.072995 0.980138 0.036340 -0.194961 -0.035641 0.999340 0.007090 5.503635
jellyfish 26 -5.081339 -0.550000 2.104758 0.923270 0.036340 -0.382431 -0.033573 0.999340 0.013907 5.503635
jellyfish 27 -4.573083 -0.550000 3.055635 0.830921 0.036340 -0.555203 -0.030215 0.999340 0.020189 5.503635
jellyfish 28 -3.889087 -0.550000 3.889087 0.706640 0.036340 -0.706640 -0.025696 0.999339 0.025696 5.503635
jellyfish 29 -3.055638 -0.550000 4.573083 0.555204 0.036340 -0.830920 -0.020189 0.999340 0.030215 5.503635
jellyfish 30 -2.104759 -0.550000 5.081336 0.382431 0.036340 -0.923269 -0.013907 0.999340 0.033573 5.503634
jellyfish 31 -1.072998 -0.550000 5.394319 0.194962 0.036340 -0.980138 -0.007090 0.999340 0.035641 5.503634
jspace -- 2566b6105d6e0683
jspace 00 -0.000000 0.000000 3.000000 0.000000 0.000000 -1.000000 0.000000 1.000000 0.000000 3.000000
jspace 01 0.585271 0.000000 2.942356 -0.195090 0.000000 -0.980785 0.000000 1.000000 0.000000 3.000000
jspace 02 1.148050 0.000000 2.771639 -0.382683 0.000000 -0.923880 0.000000 1.000000 0.000000 3.000000
jspace 03 1.666710 0.000000 2.494410 -0.555570 0.000000 -0.831470 0.000000 1.000000 0.000000 3.000000
jspace 04 2.121321 0.000000 2.121321 -0.707107 0.000000 -0.707107 0.000000 1.000000 0.000000 3.000000
jspace 05 2.494408 0.000000 1.666711 -0.831469 0.000000 -0.555570 0.000000 1.000000 0.000000 3.000000
jspace 06 2.771639 0.000000 1.148050 -0.923880 0.000000 -0.382683 0.000000 1.000000 0.000000 3.000000
jspace 07 2.942356 0.000000 0.585271 -0.980785 0.000000 -0.195090 0.000000 1.000000 0.000000 3.000000
jspace 08 3.000000 0.000000 0.000000 -1.000000 0.000000 -0.000000 0.000000 1.000000 0.000000 3.000000
jspace 09 2.942356 0.000000 -0.585271 -0.980785 0.000000 0.195090 0.000000 1.000000 0.000000 3.000000
jspace 10 2.771639 0.000000 -1.148050 -0.923880 0.000000 0.382683 0.000000 1.000000 0.000000 3.000000
jspace 11 2.494409 0.000000 -1.666711 -0.831470 0.000000 0.555570 0.000000 1.000000 0.000000 3.000000
jspace 12 2.121320 0.000000 -2.121320 -0.707107 0.000000 0.707107 0.000000 1.000000 0.000000 3.000000
jspace 13 1.666711 0.000000 -2.494409 -0.555570 0.000000 0.831470 0.000000 1.000000 0.000000 3.000000
jspace 14 1.148051 0.000000 -2.771639 -0.382684 0.000000 0.923880 0.000000 1.000000 0.000000 3.000000
jspace 15 0.585271 0.000000 -2.942356 -0.195090 0.000000 0.980785 0.000000 1.000000 0.000000 3.000000
jspace 16 0.000000 0.000000 -3.000000 0.000000 0.000000 1.000000 0.000000 1.000000 0.000000 3.000000
jspace 17 -0.585271 0.000000 -2.942356 0.195090 0.000000 0.980785 -0.000000 1.000000 0.000000 3.000000
jspace 18 -1.148050 0.000000 -2.771639 0.382683 0.000000 0.923880 -0.000000 1.000000 0.000000 3.000000
jspace 19 -1.666711 0.000000 -2.494409 0.555570 0.000000 0.831470 -0.000000 1.000000 0.000000 3.000000
jspace 20 -2.121320 0.000000 -2.121320 0.707107 0.000000 0.707107 -0.000000 1.000000 0.000000 3.000000
jspace 21 -2.494409 0.000000 -1.666711 0.831470 0.000000 0.555570 -0.000000 1.000000 0.000000 3.000000
jspace 22 -2.771638 0.000000 -1.148051 0.923880 0.000000 0.382684 -0.000000 1.000000 0.000000 3.000000
jspace 23 -2.942356 0.000000 -0.585271 0.980785 0.000000 0.195090 -0.000000 1.000000 0.000000 3.000000
jspace 24 -3.000000 0.000000 0.000000 1.000000 0.000000 0.000000 0.000000 1.000000 0.000000 3.000000
jspace 25 -2.942356 0.000000 0.585271 0.980785 0.000000 -0.195090 0.000000 1.000000 0.000000 3.000000
jspace 26 -2.771639 0.000000 1.148050 0.923880 0.000000 -0.382683 0.000000 1.000000 0.000000 3.000000
jspace 27 -2.494409 0.000000 1.666711 0.831470 0.000000 -0.555570 0.000000 1.000000 0.000000 3.000000
jspace 28 -2.121321 0.000000 2.121320 0.707107 0.000000 -0.707107 0.000000 1.000000 0.000000 3.000000
jspace 29 -1.666711 0.000000 2.494408 0.555570 0.000000 -0.831469 0.000000 1.000000 0.000000 3.000000
jspace 30 -1.148051 0.000000 2.771639 0.382684 0.000000 -0.923880 0.000000 1.000000 0.000000 3.000000
jspace 31 -0.585271 0.000000 2.942356 0.195090 0.000000 -0.980785 0.000000 1.000000 0.000000 3.000000
koru -- f72d00ad792be8ec
koru 00 -0.000001 0.000000 5.000000 0.000000 0.000000 -1.000000 0.000000 1.000000 0.000000 5.000000
koru 01 0.975452 0.000000 4.903927 -0.195090 0.000000 -0.980785 0.000000 1.000000 0.000000 5.000000
koru 02 1.913416 0.000000 4.619398 -0.382683 0.000000 -0.923880 0.000000 1.000000 0.000000 5.000000
koru 03 2.777850 0.000000 4.157349 -0.555570 0.000000 -0.831470 0.000000 1.000000 0.000000 5.000000
koru 04 3.535534 0.000000 3.535534 -0.707107 0.000000 -0.707107 0.000000 1.000000 0.000000 5.000000
koru 05 4.157347 0.000000 2.777853 -0.831469 0.000000 -0.555570 0.000000 1.000000 0.000000 5.000000
koru 06 4.619398 0.000000 1.913417 -0.923880 0.000000 -0.382683 0.000000 1.000000 0.000000 5.000000
koru 07 4.903926 0.000000 0.975452 -0.980785 0.000000 -0.195090 0.000000 1.000000 0.000000 5.000000
koru 08 5.000000 0.000000 0.000000 -1.000000 0.000000 -0.000000 0.000000 1.000000 0.000000 5.000000
koru 09 4.903926 0.000000 -0.975452 -0.980785 0.000000 0.195090 0.000000 1.000000 0.000000 5.000000
koru 10 4.619398 0.000000 -1.913416 -0.923880 0.000000 0.382683 0.000000 1.000000 0.000000 5.000000
koru 11 4.157349 0.000000 -2.777851 -0.831470 0.000000 0.555570 0.000000 1.000000 0.000000 5.000000
koru 12 3.535534 0.000000 -3.535534 -0.707107 0.000000 0.707107 0.000000 1.000000 0.000000 5.000000
koru 13 2.777852 0.000000 -4.157348 -0.555570 0.000000 0.831470 0.000000 1.000000 0.000000 5.000000
koru 14 1.913418 0.000000 -4.619398 -0.382684 0.000000 0.923880 0.000000 1.000000 0.000000 5.000000
koru 15 0.975451 0.000000 -4.903926 -0.195090 0.000000 0.980785 0.000000 1.000000 0.000000 5.000000
koru 16 0.000000 0.000000 -5.000000 0.000000 0.000000 1.000000 0.000000 1.000000 0.000000 5.000000
koru 17 -0.975452 0.000000 -4.903927 0.195090 0.000000 0.980785 -0.000000 1.000000 0.000000 5.000000
koru 18 -1.913417 0.000000 -4.619398 0.382683 0.000000 0.923880 -0.000000 1.000000 0.000000 5.000000
koru 19 -2.777851 0.000000 -4.157348 0.555570 0.000000 0.831470 -0.000000 1.000000 0.000000 5.000000
koru 20 -3.535534 0.000000 -3.535534 0.707107 0.000000 0.707107 -0.000000 1.000000 0.000000 5.000000
koru 21 -4.157348 0.000000 -2.777852 0.831470 0.000000 0.555570 -0.000000 1.000000 0.000000 5.000000
koru 22 -4.619398 0.000000 -1.913418 0.923880 0.000000 0.382684 -0.000000 1.000000 0.000000 5.000000
koru 23 -4.903926 0.000000 -0.975452 0.980785 0.000000 0.195090 -0.000000 1.000000 0.000000 5.000000
koru 24 -5.000000 0.000000 0.000000 1.000000 0.000000 0.000000 0.000000 1.000000 0.000000 5.000000
koru 25 -4.903926 0.000000 0.975451 0.980785 0.000000 -0.195090 0.000000 1.000000 0.000000 5.000000
koru 26 -4.619398 0.000000 1.913416 0.923880 0.000000 -0.382683 0.000000 1.000000 0.000000 5.000000
koru 27 -4.157349 0.000000 2.777851 0.831470 0.000000 -0.555570 0.000000 1.000000 0.000000 5.000000
koru 28 -3.535535 0.000000 3.535534 0.707107 0.000000 -0.707107 0.000000 1.000000 0.000000 5.000000
koru 29 -2.777852 0.000000 4.157347 0.555570 0.000000 -0.831469 0.000000 1.000000 0.000000 5.000000
koru 30 -1.913418 0.000000 4.619398 0.382684 0.000000 -0.923880 0.000000 1.000000 0.000000 5.000000
koru 31 -0.975452 0.000000 4.903927 0.195090 0.000000 -0.980785 0.000000 1.000000 0.000000 5.000000
lsys_birch -- f7757dbbc4d1407f
lsys_birch 00 -0.000000 1.378202 3.164067 0.000000 -0.149438 -0.988771 0.000000 0.988771 -0.149438 3.200000
lsys_birch 01 0.617279 1.378202 3.103271 -0.192900 -0.149438 -0.969772 -0.029154 0.988771 -0.146567 3.200000
lsys_birch 02 1.210836 1.378202 2.923217 -0.378386 -0.149438 -0.913505 -0.057187 0.988771 -0.138063 3.200000
lsys_birch 03 1.757861 1.378202 2.630826 -0.549332 -0.149438 -0.822133 -0.083023 0.988771 -0.124253 3.200000
lsys_birch 04 2.237333 1.378202 2.237333 -0.699167 -0.149438 -0.699167 -0.105669 0.988771 -0.105669 3.200000
lsys_birch 05 2.630826 1.378202 1.757861 -0.822133 -0.149438 -0.549332 -0.124253 0.988771 -0.083023 3.200000
lsys_birch 06 2.923217 1.378202 1.210836 -0.913505 -0.149438 -0.378386 -0.138063 0.988771 -0.057188 3.200000
lsys_birch 07 3.103271 1.378202 0.617279 -0.969772 -0.149438 -0.192900 -0.146567 0.988771 -0.029154 3.200000
lsys_birch 08 3.164067 1.378202 0.000000 -0.988771 -0.149438 -0.000000 -0.149438 0.988771 -0.000000 3.200000
lsys_birch 09 3.103271 1.378202 -0.617279 -0.969772 -0.149438 0.192900 -0.146567 0.988771 0.029154 3.200000
lsys_birch 10 2.923217 1.378202 -1.210836 -0.913505 -0.149438 0.378386 -0.138063 0.988771 0.057187 3.200000
lsys_birch 11 2.630826 1.378202 -1.757861 -0.822133 -0.149438 0.549331 -0.124253 0.988771 0.083023 3.200000
lsys_birch 12 2.237333 1.378202 -2.237333 -0.699167 -0.149438 0.699167 -0.105669 0.988771 0.105669 3.200000
lsys_birch 13 1.757862 1.378202 -2.630826 -0.549332 -0.149438 0.822133 -0.083023 0.988771 0.124253 3.200000
lsys_birch 14 1.210837 1.378202 -2.923217 -0.378386 -0.149438 0.913505 -0.057188 0.988771 0.138063 3.200000
lsys_birch 15 0.617279 1.378202 -3.103271 -0.192900 -0.149438 0.969772 -0.029154 0.988771 0.146567 3.200000
lsys_birch 16 -0.000000 1.378202 -3.164067 0.000000 -0.149438 0.988771 0.000000 0.988771 0.149438 3.200000
lsys_birch 17 -0.617279 1.378202 -3.103271 0.192900 -0.149438 0.969772 0.029154 0.988771 0.146567 3.200000
lsys_birch 18 -1.210837 1.378202 -2.923217 0.378387 -0.149438 0.913505 0.057188 0.988771 0.138063 3.200000
lsys_birch 19 -1.757861 1.378202 -2.630826 0.549332 -0.149438 0.822133 0.083023 0.988771 0.124253 3.200000
lsys_birch 20 -2.237333 1.378202 -2.237333 0.699167 -0.149438 0.699167 0.105669 0.988771 0.105669 3.200000
lsys_birch 21 -2.630826 1.378202 -1.757861 0.822133 -0.149438 0.549332 0.124253 0.988771 0.083023 3.200000
lsys_birch 22 -2.923217 1.378202 -1.210837 0.913505 -0.149438 0.378386 0.138063 0.988771 0.057188 3.200000
lsys_birch 23 -3.103271 1.378202 -0.617279 0.969772 -0.149438 0.192900 0.146567 0.988771 0.029154 3.200000
lsys_birch 24 -3.164068 1.378202 -0.000000 0.988771 -0.149438 0.000000 0.149438 0.988771 0.000000 3.200000
lsys_birch 25 -3.103271 1.378202 0.617278 0.969772 -0.149438 -0.192900 0.146567 0.988771 -0.029154 3.200000
lsys_birch 26 -2.923217 1.378202 1.210836 0.913505 -0.149438 -0.378386 0.138063 0.988771 -0.057187 3.200000
lsys_birch 27 -2.630826 1.378202 1.757861 0.822133 -0.149438 -0.549331 0.124253 0.988771 -0.083023 3.200000
lsys_birch 28 -2.237334 1.378202 2.237333 0.699167 -0.149438 -0.699167 0.105669 0.988771 -0.105669 3.200000
lsys_birch 29 -1.757862 1.378202 2.630826 0.549332 -0.149438 -0.822133 0.083023 0.988771 -0.124253 3.200000
lsys_birch 30 -1.210837 1.378202 2.923217 0.378387 -0.149438 -0.913505 0.057188 0.988771 -0.138063 3.200000
lsys_birch 31 -0.617279 1.378202 3.103271 0.192900 -0.149438 -0.969772 0.029154 0.988771 -0.146567 3.200000
lsys_bush -- e75a172a95f660f4
lsys_bush 00 -0.000000 1.378202 3.164067 0.000000 -0.149438 -0.988771 0.000000 0.988771 -0.149438 3.200000
lsys_bush 01 0.617279 1.378202 3.103271 -0.192900 -0.149438 -0.969772 -0.029154 0.988771 -0.146567 3.200000
lsys_bush 02 1.210836 1.378202 2.923217 -0.378386 -0.149438 -0.913505 -0.057187 0.988771 -0.138063 3.200000
lsys_bush 03 1.757861 1.378202 2.630826 -0.549332 -0.149438 -0.822133 -0.083023 0.988771 -0.124253 3.200000
lsys_bush 04 2.237333 1.378202 2.237333 -0.699167 -0.149438 -0.699167 -0.105669 0.988771 -0.105669 3.200000
lsys_bush 05 2.630826 1.378202 1.757861 -0.822133 -0.149438 -0.549332 -0.124253 0.988771 -0.083023 3.200000
lsys_bush 06 2.923217 1.378202 1.210836 -0.913505 -0.149438 -0.378386 -0.138063 0.988771 -0.057188 3.200000
lsys_bush 07 3.103271 1.378202 0.617279 -0.969772 -0.149438 -0.192900 -0.146567 0.988771 -0.029154 3.200000
lsys_bush 08 3.164067 1.378202 0.000000 -0.988771 -0.149438 -0.000000 -0.149438 0.988771 -0.000000 3.200000
lsys_bush 09 3.103271 1.378202 -0.617279 -0.969772 -0.149438 0.192900 -0.146567 0.988771 0.029154 3.200000
lsys_bush 10 2.923217 1.378202 -1.210836 -0.913505 -0.149438 0.378386 -0.138063 0.988771 0.057187 3.200000
lsys_bush 11 2.630826 1.378202 -1.757861 -0.822133 -0.149438 0.549331 -0.124253 0.988771 0.083023 3.200000
lsys_bush 12 2.237333 1.378202 -2.237333 -0.699167 -0.149438 0.699167 -0.105669 0.988771 0.105669 3.200000
lsys_bush 13 1.757862 1.378202 -2.630826 -0.549332 -0.149438 0.822133 -0.083023 0.988771 0.124253 3.200000
lsys_bush 14 1.210837 1.378202 -2.923217 -0.378386 -0.149438 0.913505 -0.057188 0.988771 0.138063 3.200000
lsys_bush 15 0.617279 1.378202 -3.103271 -0.192900 -0.149438 0.969772 -0.029154 0.988771 0.146567 3.200000
lsys_bush 16 -0.000000 1.378202 -3.164067 0.000000 -0.149438 0.988771 0.000000 0.988771 0.149438 3.200000
lsys_bush 17 -0.617279 1.378202 -3.103271 0.192900 -0.149438 0.969772 0.029154 0.988771 0.146567 3.200000
lsys_bush 18 -1.210837 1.378202 -2.923217 0.378387 -0.149438 0.913505 0.057188 0.988771 0.138063 3.200000
lsys_bush 19 -1.757861 1.378202 -2.630826 0.549332 -0.149438 0.822133 0.083023 0.988771 0.124253 3.200000
lsys_bush 20 -2.237333 1.378202 -2.237333 0.699167 -0.149438 0.699167 0.105669 0.988771 0.105669 3.200000
lsys_bush 21 -2.630826 1.378202 -1.757861 0.822133 -0.149438 0.549332 0.124253 0.988771 0.083023 3.200000
lsys_bush 22 -2.923217 1.378202 -1.210837 0.913505 -0.149438 0.378386 0.138063 0.988771 0.057188 3.200000
lsys_bush 23 -3.103271 1.378202 -0.617279 0.969772 -0.149438 0.192900 0.146567 0.988771 0.029154 3.200000
lsys_bush 24 -3.164068 1.378202 -0.000000 0.988771 -0.149438 0.000000 0.149438 0.988771 0.000000 3.200000
lsys_bush 25 -3.103271 1.378202 0.617278 0.969772 -0.149438 -0.192900 0.146567 0.988771 -0.029154 3.200000
lsys_bush 26 -2.923217 1.378202 1.210836 0.913505 -0.149438 -0.378386 0.138063 0.988771 -0.057187 3.200000
lsys_bush 27 -2.630826 1.378202 1.757861 0.822133 -0.149438 -0.549331 0.124253 0.988771 -0.083023 3.200000
lsys_bush 28 -2.237334 1.378202 2.237333 0.699167 -0.149438 -0.699167 0.105669 0.988771 -0.105669 3.200000
lsys_bush 29 -1.757862 1.378202 2.630826 0.549332 -0.149438 -0.822133 0.083023 0.988771 -0.124253 3.200000
lsys_bush 30 -1.210837 1.378202 2.923217 0.378387 -0.149438 -0.913505 0.057188 0.988771 -0.138063 3.200000
lsys_bush 31 -0.617279 1.378202 3.103271 0.192900 -0.149438 -0.969772 0.029154 0.988771 -0.146567 3.200000
lsys_kelp -- ab4403f6fdf2bced
lsys_kelp 00 -0.000000 1.378202 3.164067 0.000000 -0.149438 -0.988771 0.000000 0.988771 -0.149438 3.200000
lsys_kelp 01 0.617279 1.378202 3.103271 -0.192900 -0.149438 -0.969772 -0.029154 0.988771 -0.146567 3.200000
lsys_kelp 02 1.210836 1.378202 2.923217 -0.378386 -0.149438 -0.913505 -0.057187 0.988771 -0.138063 3.200000
lsys_kelp 03 1.757861 1.378202 2.630826 -0.549332 -0.149438 -0.822133 -0.083023 0.988771 -0.124253 3.200000
lsys_kelp 04 2.237333 1.378202 2.237333 -0.699167 -0.149438 -0.699167 -0.105669 0.988771 -0.105669 3.200000
lsys_kelp 05 2.630826 1.378202 1.757861 -0.822133 -0.149438 -0.549332 -0.124253 0.988771 -0.083023 3.200000
lsys_kelp 06 2.923217 1.378202 1.210836 -0.913505 -0.149438 -0.378386 -0.138063 0.988771 -0.057188 3.200000
lsys_kelp 07 3.103271 1.378202 0.617279 -0.969772 -0.149438 -0.192900 -0.146567 0.988771 -0.029154 3.200000
lsys_kelp 08 3.164067 1.378202 0.000000 -0.988771 -0.149438 -0.000000 -0.149438 0.988771 -0.000000 3.200000
lsys_kelp 09 3.103271 1.378202 -0.617279 -0.969772 -0.149438 0.192900 -0.146567 0.988771 0.029154 3.200000
lsys_kelp 10 2.923217 1.378202 -1.210836 -0.913505 -0.149438 0.378386 -0.138063 0.988771 0.057187 3.200000
lsys_kelp 11 2.630826 1.378202 -1.757861 -0.822133 -0.149438 0.549331 -0.124253 0.988771 0.083023 3.200000
lsys_kelp 12 2.237333 1.378202 -2.237333 -0.699167 -0.149438 0.699167 -0.105669 0.988771 0.105669 3.200000
lsys_kelp 13 1.757862 1.378202 -2.630826 -0.549332 -0.149438 0.822133 -0.083023 0.988771 0.124253 3.200000
lsys_kelp 14 1.210837 1.378202 -2.923217 -0.378386 -0.149438 0.913505 -0.057188 0.988771 0.138063 3.200000
lsys_kelp 15 0.617279 1.378202 -3.103271 -0.192900 -0.149438 0.969772 -0.029154 0.988771 0.146567 3.200000
lsys_kelp 16 -0.000000 1.378202 -3.164067 0.000000 -0.149438 0.988771 0.000000 0.988771 0.149438 3.200000
lsys_kelp 17 -0.617279 1.378202 -3.103271 0.192900 -0.149438 0.969772 0.029154 0.988771 0.146567 3.200000
lsys_kelp 18 -1.210837 1.378202 -2.923217 0.378387 -0.149438 0.913505 0.057188 0.988771 0.138063 3.200000
lsys_kelp 19 -1.757861 1.378202 -2.630826 0.549332 -0.149438 0.822133 0.083023 0.988771 0.124253 3.200000
lsys_kelp 20 -2.237333 1.378202 -2.237333 0.699167 -0.149438 0.699167 0.105669 0.988771 0.105669 3.200000
lsys_kelp 21 -2.630826 1.378202 -1.757861 0.822133 -0.149438 0.549332 0.124253 0.988771 0.083023 3.200000
lsys_kelp 22 -2.923217 1.378202 -1.210837 0.913505 -0.149438 0.378386 0.138063 0.988771 0.057188 3.200000
lsys_kelp 23 -3.103271 1.378202 -0.617279 0.969772 -0.149438 0.192900 0.146567 0.988771 0.029154 3.200000
lsys_kelp 24 -3.164068 1.378202 -0.000000 0.988771 -0.149438 0.000000 0.149438 0.988771 0.000000 3.200000
lsys_kelp 25 -3.103271 1.378202 0.617278 0.969772 -0.149438 -0.192900 0.146567 0.988771 -0.029154 3.200000
lsys_kelp 26 -2.923217 1.378202 1.210836 0.913505 -0.149438 -0.378386 0.138063 0.988771 -0.057187 3.200000
lsys_kelp 27 -2.630826 1.378202 1.757861 0.822133 -0.149438 -0.549331 0.124253 0.988771 -0.083023 3.200000
lsys_kelp 28 -2.237334 1.378202 2.237333 0.699167 -0.149438 -0.699167 0.105669 0.988771 -0.105669 3.200000
lsys_kelp 29 -1.757862 1.378202 2.630826 0.549332 -0.149438 -0.822133 0.083023 0.988771 -0.124253 3.200000
lsys_kelp 30 -1.210837 1.378202 2.923217 0.378387 -0.149438 -0.913505 0.057188 0.988771 -0.138063 3.200000
lsys_kelp 31 -0.617279 1.378202 3.103271 0.192900 -0.149438 -0.969772 0.029154 0.988771 -0.146567 3.200000
menger -- a0f42cf772598592
menger 00 -0.000000 1.000000 3.000000 0.000000 -0.316228 -0.948683 -0.000000 0.948683 -0.316228 3.162278
menger 01 0.585271 1.000000 2.942356 -0.185079 -0.316228 -0.930455 -0.061693 0.948683 -0.310152 3.162278
menger 02 1.148050 1.000000 2.771639 -0.363045 -0.316228 -0.876469 -0.121015 0.948683 -0.292156 3.162278
menger 03 1.666711 1.000000 2.494409 -0.527060 -0.316228 -0.788801 -0.175687 0.948683 -0.262934 3.162278
menger 04 2.121321 1.000000 2.121320 -0.670821 -0.316228 -0.670820 -0.223607 0.948683 -0.223607 3.162278
menger 05 2.494409 1.000000 1.666710 -0.788801 -0.316228 -0.527060 -0.262934 0.948683 -0.175687 3.162278
menger 06 2.771639 1.000000 1.148050 -0.876469 -0.316228 -0.363045 -0.292156 0.948683 -0.121015 3.162277
menger 07 2.942356 1.000000 0.585270 -0.930455 -0.316228 -0.185079 -0.310152 0.948683 -0.061693 3.162277
menger 08 3.000000 1.000000 0.000000 -0.948683 -0.316228 -0.000000 -0.316228 0.948684 0.000000 3.162278
menger 09 2.942356 1.000000 -0.585271 -0.930455 -0.316228 0.185079 -0.310152 0.948683 0.061693 3.162278
menger 10 2.771639 1.000000 -1.148050 -0.876469 -0.316228 0.363045 -0.292156 0.948683 0.121015 3.162278
menger 11 2.494409 1.000000 -1.666711 -0.788801 -0.316228 0.527060 -0.262934 0.948683 0.175687 3.162278
menger 12 2.121320 1.000000 -2.121321 -0.670820 -0.316228 0.670821 -0.223607 0.948683 0.223607 3.162278
menger 13 1.666711 1.000000 -2.494409 -0.527060 -0.316228 0.788801 -0.175687 0.948683 0.262934 3.162278
menger 14 1.148050 1.000000 -2.771638 -0.363045 -0.316228 0.876469 -0.121015 0.948683 0.292156 3.162277
menger 15 0.585270 1.000000 -2.942356 -0.185079 -0.316228 0.930455 -0.061693 0.948683 0.310152 3.162277
menger 16 0.000000 1.000000 -3.000000 -0.000000 -0.316228 0.948683 0.000000 0.948683 0.316228 3.162278
menger 17 -0.585271 1.000000 -2.942356 0.185079 -0.316228 0.930455 0.061693 0.948683 0.310152 3.162278
menger 18 -1.148050 1.000000 -2.771639 0.363045 -0.316228 0.876469 0.121015 0.948683 0.292156 3.162278
menger 19 -1.666711 1.000000 -2.494409 0.527060 -0.316228 0.788801 0.175687 0.948683 0.262934 3.162278
menger 20 -2.121321 1.000000 -2.121320 0.670821 -0.316228 0.670820 0.223607 0.948683 0.223607 3.162278
menger 21 -2.494409 1.000000 -1.666710 0.788801 -0.316228 0.527060 0.262934 0.948683 0.175687 3.162278
menger 22 -2.771639 1.000000 -1.148050 0.876469 -0.316228 0.363045 0.292156 0.948683 0.121015 3.162277
menger 23 -2.942356 1.000000 -0.585270 0.930455 -0.316228 0.185079 0.310152 0.948683 0.061693 3.162277
menger 24 -3.000000 1.000000 0.000001 0.948683 -0.316228 -0.000000 0.316228 0.948683 -0.000000 3.162278
menger 25 -2.942356 1.000000 0.585271 0.930455 -0.316228 -0.185079 0.310152 0.948683 -0.061693 3.162278
menger 26 -2.771639 1.000000 1.148051 0.876469 -0.316228 -0.363046 0.292156 0.948684 -0.121015 3.162278
menger 27 -2.494409 1.000000 1.666711 0.788801 -0.316228 -0.527060 0.262934 0.948683 -0.175687 3.162278
menger 28 -2.121320 1.000000 2.121321 0.670820 -0.316228 -0.670821 0.223607 0.948683 -0.223607 3.162278
menger 29 -1.666711 1.000000 2.494409 0.527060 -0.316228 -0.788801 0.175687 0.948683 -0.262934 3.162278
menger 30 -1.148050 1.000000 2.771639 0.363045 -0.316228 -0.876469 0.121015 0.948683 -0.292156 3.162277
menger 31 -0.585270 1.000000 2.942356 0.185079 -0.316228 -0.930455 0.061693 0.948683 -0.310152 3.162277
nautilus -- b21a1ab6320b9e5a
nautilus 00 -0.898279 0.987522 1.964942 0.521945 -0.289783 -0.802246 0.158032 0.957093 -0.242899 2.200000
nautilus 01 -0.531892 0.987522 2.155048 0.355406 -0.289783 -0.888658 0.107608 0.957093 -0.269063 2.200000
nautilus 02 -0.135458 0.987522 2.270021 0.175208 -0.289783 -0.940919 0.053048 0.957093 -0.284886 2.200000
nautilus 03 0.275790 0.987522 2.305445 -0.011723 -0.289783 -0.957021 -0.003549 0.957092 -0.289761 2.200000
nautilus 04 0.686046 0.987522 2.259959 -0.198203 -0.289783 -0.936345 -0.060011 0.957092 -0.283501 2.200000
nautilus 05 1.079546 0.987522 2.135309 -0.377066 -0.289783 -0.879686 -0.114166 0.957092 -0.266346 2.200000
nautilus 06 1.441167 0.987522 1.936286 -0.541439 -0.289783 -0.789221 -0.163934 0.957092 -0.238956 2.200000
nautilus 07 1.757011 0.987522 1.670539 -0.685005 -0.289783 -0.668427 -0.207402 0.957093 -0.202382 2.200000
nautilus 08 2.014942 0.987522 1.348279 -0.802246 -0.289783 -0.521945 -0.242900 0.957093 -0.158031 2.200000
nautilus 09 2.205048 0.987522 0.981892 -0.888658 -0.289783 -0.355405 -0.269063 0.957093 -0.107608 2.200000
nautilus 10 2.320022 0.987522 0.585458 -0.940919 -0.289783 -0.175208 -0.284886 0.957093 -0.053048 2.200000
nautilus 11 2.355446 0.987522 0.174210 -0.957021 -0.289783 0.011723 -0.289761 0.957092 0.003549 2.200000
nautilus 12 2.309959 0.987522 -0.236047 -0.936345 -0.289783 0.198203 -0.283501 0.957093 0.060011 2.200000
nautilus 13 2.185308 0.987522 -0.629546 -0.879686 -0.289783 0.377066 -0.266346 0.957092 0.114166 2.200000
nautilus 14 1.986286 0.987522 -0.991167 -0.789221 -0.289783 0.541439 -0.238956 0.957092 0.163934 2.200000
nautilus 15 1.720538 0.987522 -1.307011 -0.668426 -0.289783 0.685005 -0.202382 0.957092 0.207402 2.200000
nautilus 16 1.398279 0.987522 -1.564942 -0.521945 -0.289783 0.802246 -0.158031 0.957092 0.242899 2.200000
nautilus 17 1.031892 0.987522 -1.755048 -0.355405 -0.289783 0.888658 -0.107608 0.957093 0.269063 2.200000
nautilus 18 0.635458 0.987522 -1.870022 -0.175208 -0.289783 0.940919 -0.053048 0.957093 0.284886 2.200000
nautilus 19 0.224210 0.987522 -1.905445 0.011723 -0.289783 0.957021 0.003549 0.957093 0.289761 2.200000
nautilus 20 -0.186047 0.987522 -1.859959 0.198203 -0.289783 0.936345 0.060011 0.957093 0.283501 2.200000
nautilus 21 -0.579546 0.987522 -1.735309 0.377066 -0.289783 0.879686 0.114166 0.957093 0.266346 2.200000
nautilus 22 -0.941167 0.987522 -1.536286 0.541439 -0.289783 0.789221 0.163934 0.957093 0.238956 2.200000
nautilus 23 -1.257011 0.987522 -1.270539 0.685005 -0.289783 0.668427 0.207402 0.957092 0.202382 2.200000
nautilus 24 -1.514942 0.987522 -0.948280 0.802247 -0.289783 0.521945 0.242900 0.957093 0.158031 2.200000
nautilus 25 -1.705048 0.987522 -0.581892 0.888658 -0.289783 0.355405 0.269063 0.957093 0.107608 2.200000
nautilus 26 -1.820022 0.987522 -0.185458 0.940919 -0.289783 0.175208 0.284886 0.957093 0.053048 2.200000
nautilus 27 -1.855446 0.987522 0.225790 0.957021 -0.289783 -0.011723 0.289761 0.957093 -0.003549 2.200000
nautilus 28 -1.809958 0.987522 0.636047 0.936345 -0.289783 -0.198203 0.283501 0.957092 -0.060011 2.200000
nautilus 29 -1.685308 0.987522 1.029546 0.879686 -0.289783 -0.377066 0.266346 0.957092 -0.114166 2.200000
nautilus 30 -1.486286 0.987522 1.391167 0.789221 -0.289783 -0.541439 0.238956 0.957093 -0.163934 2.200000
nautilus 31 -1.220538 0.987522 1.707011 0.668426 -0.289783 -0.685005 0.202382 0.957092 -0.207402 2.200000
octahedron -- dec6d7556e1e95e9
octahedron 00 -2.561398 0.002817 0.001528 0.999999 -0.001100 -0.000596 0.001110 0.999863 0.016499 2.561400
octahedron 01 -2.546290 -0.218430 0.171660 0.994101 0.085278 -0.067018 -0.089857 0.993591 -0.068573 2.561400
octahedron 02 -2.557765 -0.136363 -0.003967 0.998581 0.053238 0.001549 -0.053151 0.997973 -0.034992 2.561400
octahedron 03 -2.560970 -0.003276 -0.046821 0.999832 0.001279 0.018280 -0.001542 0.999896 0.014366 2.561400
octahedron 04 -2.530118 0.005764 0.399054 0.987787 -0.002250 -0.155795 0.004737 0.999867 0.015589 2.561400
octahedron 05 -2.313087 0.011431 1.100122 0.903056 -0.004463 -0.429500 0.010880 0.999863 0.012487 2.561400
octahedron 06 -1.953467 0.016473 1.656643 0.762656 -0.006431 -0.646772 0.015465 0.999846 0.008293 2.561400
octahedron 07 -1.755234 -0.001793 1.865454 0.685264 0.000700 -0.728295 0.011499 0.999865 0.011780 2.561400
octahedron 08 -1.750198 -0.070414 1.868855 0.683297 0.027491 -0.729623 -0.007295 0.999498 0.030827 2.561400
octahedron 09 -1.818159 -0.070217 1.802813 0.709830 0.027414 -0.703839 -0.008451 0.999502 0.030406 2.561400
octahedron 10 -1.845851 0.137169 1.770533 0.720642 -0.053552 -0.691236 0.050809 0.998411 -0.024380 2.561400
octahedron 11 -1.816592 0.612680 1.698643 0.709218 -0.239197 -0.663170 0.188642 0.970768 -0.148403 2.561400
octahedron 12 -1.707346 1.113844 1.550836 0.666567 -0.434857 -0.605464 0.335794 0.900305 -0.276936 2.561400
octahedron 13 -1.599365 1.398046 1.431178 0.624410 -0.545813 -0.558749 0.418989 0.837764 -0.350143 2.561400
octahedron 14 -1.514796 1.418456 1.501382 0.591394 -0.553781 -0.586157 0.394547 0.832661 -0.388598 2.561400
octahedron 15 -1.487725 1.347653 1.590999 0.580825 -0.526139 -0.621144 0.350345 0.850334 -0.392670 2.561400
octahedron 16 -1.615896 1.366652 1.442885 0.630864 -0.533556 -0.563319 0.410896 0.845604 -0.340762 2.561400
octahedron 17 -1.838563 1.616858 0.752480 0.717796 -0.631240 -0.293777 0.624988 0.770119 -0.127700 2.561400
octahedron 18 -1.610727 1.978516 -0.227603 0.628846 -0.772436 0.088859 0.731951 0.626658 0.267483 2.561400
octahedron 19 -1.017081 2.202847 -0.820841 0.397080 -0.860017 0.320466 0.631673 0.509405 0.584376 2.561400
octahedron 20 -0.775262 2.241868 -0.966316 0.302671 -0.875251 0.377261 0.571544 0.483438 0.663042 2.561400
octahedron 21 -0.869017 2.207295 -0.966140 0.339274 -0.861753 0.377192 0.602187 0.507011 0.616694 2.561400
octahedron 22 -0.964491 2.196591 -0.897505 0.376549 -0.857574 0.350396 0.622645 0.514345 0.589713 2.561400
octahedron 23 -0.773519 2.303799 -0.809289 0.301991 -0.899430 0.315956 0.550063 0.435094 0.712828 2.561400
octahedron 24 -0.409207 2.467440 -0.552324 0.159759 -0.963317 0.215634 0.348235 0.259393 0.900804 2.561400
octahedron 25 -0.124146 2.551908 -0.182003 0.048468 -0.996294 0.071056 0.094011 0.075374 0.992714 2.561400
octahedron 26 0.002036 2.560595 0.064164 -0.000795 -0.999686 -0.025050 -0.058153 -0.024962 0.997996 2.561400
octahedron 27 0.142561 2.545575 0.245956 -0.055657 -0.993822 -0.096024 -0.132984 -0.087937 0.987209 2.561400
octahedron 28 0.172568 2.544419 0.238586 -0.067373 -0.993370 -0.093147 -0.118129 -0.084760 0.989374 2.561400
octahedron 29 -0.157791 2.553440 -0.125767 0.061603 -0.996892 0.049101 0.030044 0.051024 0.998246 2.561400
octahedron 30 -1.220500 2.118160 -0.764557 0.476497 -0.826954 0.298492 0.283368 0.465852 0.838263 2.561400
octahedron 31 -2.296858 0.924603 -0.655992 0.896720 -0.360975 0.256107 0.250670 0.891099 0.378296 2.561400
octave-edge-test -- ef0a2993c2f8c944
octave-edge-test 00 1.020178 0.436459 1.663953 -0.510089 -0.218230 -0.831977 -0.114066 0.975898 -0.186046 2.000000
octave-edge-test 01 0.998318 0.427107 1.628298 -0.510089 -0.218230 -0.831977 -0.114066 0.975898 -0.186046 1.957144
octave-edge-test 02 0.976926 0.417955 1.593407 -0.510089 -0.218230 -0.831977 -0.114066 0.975898 -0.186046 1.915207
octave-edge-test 03 0.955993 0.408999 1.559264 -0.510089 -0.218230 -0.831977 -0.114066 0.975898 -0.186046 1.874168
octave-edge-test 04 0.935508 0.400235 1.525852 -0.510089 -0.218230 -0.831977 -0.114066 0.975898 -0.186046 1.834008
octave-edge-test 05 0.915462 0.391659 1.493156 -0.510089 -0.218230 -0.831977 -0.114066 0.975898 -0.186046 1.794709
octave-edge-test 06 0.895845 0.383266 1.461161 -0.510089 -0.218230 -0.831977 -0.114066 0.975898 -0.186046 1.756252
octave-edge-test 07 0.876649 0.375054 1.429851 -0.510089 -0.218230 -0.831977 -0.114066 0.975898 -0.186046 1.718619
octave-edge-test 08 0.857864 0.367017 1.399212 -0.510089 -0.218230 -0.831977 -0.114066 0.975898 -0.186046 1.681793
octave-edge-test 09 0.839482 0.359153 1.369230 -0.510089 -0.218230 -0.831977 -0.114066 0.975898 -0.186046 1.645755
octave-edge-test 10 0.821494 0.351457 1.339890 -0.510089 -0.218230 -0.831977 -0.114066 0.975898 -0.186046 1.610490
octave-edge-test 11 0.803891 0.343926 1.311179 -0.510089 -0.218230 -0.831977 -0.114066 0.975898 -0.186046 1.575981
octave-edge-test 12 0.786665 0.336556 1.283083 -0.510089 -0.218230 -0.831977 -0.114066 0.975898 -0.186046 1.542211
octave-edge-test 13 0.769809 0.329344 1.255589 -0.510089 -0.218230 -0.831977 -0.114066 0.975898 -0.186046 1.509164
octave-edge-test 14 0.753313 0.322287 1.228685 -0.510089 -0.218230 -0.831977 -0.114066 0.975898 -0.186046 1.476826
octave-edge-test 15 0.737171 0.315381 1.202357 -0.510089 -0.218230 -0.831977 -0.114066 0.975898 -0.186046 1.445181
octave-edge-test 16 0.721375 0.308623 1.176593 -0.510089 -0.218230 -0.831977 -0.114066 0.975898 -0.186046 1.414214
octave-edge-test 17 0.705917 0.302010 1.151381 -0.510089 -0.218230 -0.831977 -0.114066 0.975898 -0.186046 1.383910
octave-edge-test 18 0.690791 0.295539 1.126709 -0.510089 -0.218230 -0.831977 -0.114066 0.975898 -0.186046 1.354256
octave-edge-test 19 0.675989 0.289206 1.102566 -0.510089 -0.218230 -0.831977 -0.114066 0.975898 -0.186046 1.325237
octave-edge-test 20 0.661504 0.283009 1.078940 -0.510089 -0.218230 -0.831977 -0.114066 0.975898 -0.186046 1.296840
octave-edge-test 21 0.647329 0.276945 1.055821 -0.510089 -0.218230 -0.831977 -0.114066 0.975898 -0.186046 1.269051
octave-edge-test 22 0.633458 0.271010 1.033197 -0.510089 -0.218230 -0.831977 -0.114066 0.975898 -0.186046 1.241858
octave-edge-test 23 0.619885 0.265203 1.011057 -0.510089 -0.218230 -0.831977 -0.114066 0.975898 -0.186046 1.215247
octave-edge-test 24 0.606602 0.259520 0.989392 -0.510089 -0.218230 -0.831977 -0.114066 0.975898 -0.186046 1.189207
octave-edge-test 25 0.593604 0.253959 0.968192 -0.510089 -0.218230 -0.831977 -0.114066 0.975898 -0.186046 1.163725
octave-edge-test 26 0.580884 0.248517 0.947445 -0.510089 -0.218230 -0.831977 -0.114066 0.975898 -0.186046 1.138789
octave-edge-test 27 0.568437 0.243192 0.927144 -0.510089 -0.218230 -0.831977 -0.114066 0.975898 -0.186046 1.114387
octave-edge-test 28 0.556256 0.237981 0.907277 -0.510089 -0.218230 -0.831977 -0.114066 0.975898 -0.186046 1.090508
octave-edge-test 29 0.544337 0.232882 0.887836 -0.510089 -0.218230 -0.831977 -0.114066 0.975898 -0.186046 1.067140
octave-edge-test 30 0.532673 0.227892 0.868811 -0.510089 -0.218230 -0.831977 -0.114066 0.975898 -0.186046 1.044274
octave-edge-test 31 0.521259 0.223008 0.850195 -0.510089 -0.218230 -0.831977 -0.114066 0.975898 -0.186046 1.021897
pearl -- 8d2aae0b6a3a0410
pearl 00 1.489310 1.150622 1.489304 -0.620546 -0.479426 -0.620543 -0.339006 0.877583 -0.339005 2.400000
pearl 01 1.751242 1.150622 1.170138 -0.729684 -0.479426 -0.487557 -0.398628 0.877582 -0.266354 2.400000
pearl 02 1.945875 1.150622 0.806004 -0.810781 -0.479426 -0.335835 -0.442932 0.877583 -0.183467 2.400000
pearl 03 2.065729 1.150622 0.410895 -0.860720 -0.479426 -0.171206 -0.470214 0.877583 -0.093530 2.400000
pearl 04 2.106199 1.150622 -0.000004 -0.877583 -0.479426 0.000002 -0.479426 0.877583 0.000001 2.400000
pearl 05 2.065728 1.150622 -0.410903 -0.860720 -0.479426 0.171209 -0.470213 0.877583 0.093532 2.400000
pearl 06 1.945872 1.150622 -0.806011 -0.810780 -0.479426 0.335838 -0.442931 0.877583 0.183469 2.400000
pearl 07 1.751237 1.150621 -1.170144 -0.729682 -0.479426 0.487560 -0.398627 0.877583 0.266355 2.400000
pearl 08 1.489305 1.150622 -1.489310 -0.620544 -0.479426 0.620546 -0.339005 0.877583 0.339006 2.400000
pearl 09 1.170138 1.150622 -1.751242 -0.487558 -0.479426 0.729684 -0.266354 0.877583 0.398628 2.400000
pearl 10 0.806004 1.150622 -1.945875 -0.335835 -0.479426 0.810781 -0.183467 0.877583 0.442932 2.400000
pearl 11 0.410895 1.150622 -2.065729 -0.171206 -0.479426 0.860720 -0.093530 0.877583 0.470214 2.400000
pearl 12 -0.000004 1.150622 -2.106198 0.000002 -0.479426 0.877583 0.000001 0.877583 0.479426 2.400000
pearl 13 -0.410903 1.150621 -2.065728 0.171209 -0.479426 0.860720 0.093532 0.877583 0.470213 2.400000
pearl 14 -0.806011 1.150622 -1.945872 0.335838 -0.479426 0.810780 0.183469 0.877583 0.442931 2.400000
pearl 15 -1.170145 1.150621 -1.751237 0.487560 -0.479426 0.729682 0.266355 0.877583 0.398627 2.400000
pearl 16 -1.489310 1.150622 -1.489304 0.620546 -0.479426 0.620543 0.339006 0.877583 0.339004 2.400000
pearl 17 -1.751242 1.150622 -1.170138 0.729684 -0.479426 0.487557 0.398628 0.877582 0.266354 2.400000
pearl 18 -1.945875 1.150622 -0.806003 0.810781 -0.479426 0.335835 0.442932 0.877583 0.183467 2.400000
pearl 19 -2.065729 1.150622 -0.410895 0.860720 -0.479426 0.171206 0.470214 0.877583 0.093530 2.400000
pearl 20 -2.106198 1.150621 0.000005 0.877583 -0.479426 -0.000002 0.479426 0.877583 -0.000001 2.400000
pearl 21 -2.065727 1.150622 0.410903 0.860720 -0.479426 -0.171210 0.470213 0.877583 -0.093532 2.400000
pearl 22 -1.945872 1.150622 0.806011 0.810780 -0.479426 -0.335838 0.442931 0.877583 -0.183469 2.400000
pearl 23 -1.751237 1.150621 1.170145 0.729682 -0.479426 -0.487560 0.398627 0.877583 -0.266355 2.400000
pearl 24 -1.489304 1.150622 1.489310 0.620543 -0.479426 -0.620546 0.339005 0.877583 -0.339006 2.400000
pearl 25 -1.170138 1.150622 1.751242 0.487558 -0.479426 -0.729684 0.266354 0.877583 -0.398628 2.400000
pearl 26 -0.806004 1.150622 1.945875 0.335835 -0.479426 -0.810781 0.183468 0.877583 -0.442932 2.400000
pearl 27 -0.410895 1.150621 2.065729 0.171206 -0.479426 -0.860720 0.093530 0.877583 -0.470214 2.400000
pearl 28 0.000004 1.150622 2.106199 -0.000002 -0.479426 -0.877583 -0.000001 0.877583 -0.479426 2.400000
pearl 29 0.410903 1.150622 2.065728 -0.171209 -0.479426 -0.860720 -0.093532 0.877583 -0.470213 2.400000
pearl 30 0.806011 1.150621 1.945872 -0.335838 -0.479426 -0.810780 -0.183469 0.877582 -0.442931 2.400000
pearl 31 1.170144 1.150621 1.751238 -0.487560 -0.479426 -0.729682 -0.266355 0.877583 -0.398627 2.400000
pythagoras-zoomy -- 976201d73dca6927
pythagoras-zoomy 00 1.758505 2.894555 5.182660 -0.000185 -0.379633 -0.925137 0.697945 0.662489 -0.271994 4.352500
pythagoras-zoomy 01 1.769410 2.864652 5.144211 -0.002720 -0.376822 -0.926282 0.715866 0.646031 -0.264916 4.305613
pythagoras-zoomy 02 1.779749 2.834928 5.106165 -0.005178 -0.373947 -0.927436 0.733327 0.629120 -0.257759 4.259233
pythagoras-zoomy 03 1.789528 2.805392 5.068512 -0.007556 -0.371009 -0.928599 0.750318 0.611767 -0.250528 4.213350
pythagoras-zoomy 04 1.798758 2.776055 5.031246 -0.009854 -0.368010 -0.929770 0.766828 0.593982 -0.243229 4.167963
pythagoras-zoomy 05 1.807444 2.746928 4.994359 -0.012068 -0.364953 -0.930948 0.782845 0.575779 -0.235867 4.123065
pythagoras-zoomy 06 1.815597 2.718019 4.957843 -0.014199 -0.361839 -0.932132 0.798359 0.557168 -0.228445 4.078650
pythagoras-zoomy 07 1.823224 2.689339 4.921691 -0.016245 -0.358670 -0.933323 0.813359 0.538163 -0.220970 4.034713
pythagoras-zoomy 08 1.830334 2.660896 4.885896 -0.018204 -0.355449 -0.934518 0.827837 0.518775 -0.213445 3.991250
pythagoras-zoomy 09 1.836937 2.632699 4.850452 -0.020075 -0.352178 -0.935718 0.841782 0.499017 -0.205876 3.948256
pythagoras-zoomy 10 1.843040 2.604757 4.815352 -0.021857 -0.348859 -0.936921 0.855185 0.478903 -0.198268 3.905724
pythagoras-zoomy 11 1.848653 2.577078 4.780590 -0.023548 -0.345493 -0.938126 0.868038 0.458445 -0.190625 3.863650
pythagoras-zoomy 12 1.853786 2.549669 4.746159 -0.025148 -0.342084 -0.939333 0.880332 0.437657 -0.182954 3.822030
pythagoras-zoomy 13 1.858448 2.522539 4.712051 -0.026656 -0.338633 -0.940541 0.892058 0.416553 -0.175258 3.780858
pythagoras-zoomy 14 1.862649 2.495695 4.678262 -0.028070 -0.335143 -0.941749 0.903210 0.395147 -0.167543 3.740129
pythagoras-zoomy 15 1.866398 2.469144 4.644787 -0.029390 -0.331616 -0.942957 0.913779 0.373452 -0.159815 3.699840
pythagoras-zoomy 16 1.869706 2.442894 4.611619 -0.030614 -0.328054 -0.944163 0.923760 0.351483 -0.152077 3.659984
pythagoras-zoomy 17 1.872582 2.416949 4.578753 -0.031742 -0.324460 -0.945367 0.933145 0.329254 -0.144335 3.620558
pythagoras-zoomy 18 1.875036 2.391316 4.546183 -0.032774 -0.320835 -0.946568 0.941927 0.306781 -0.136595 3.581556
pythagoras-zoomy 19 1.877078 2.366002 4.513905 -0.033708 -0.317184 -0.947765 0.950103 0.284077 -0.128861 3.542975
pythagoras-zoomy 20 1.878719 2.341011 4.481912 -0.034543 -0.313507 -0.948957 0.957665 0.261157 -0.121139 3.504809
pythagoras-zoomy 21 1.879969 2.316349 4.450200 -0.035281 -0.309807 -0.950145 0.964609 0.238038 -0.113433 3.467054
pythagoras-zoomy 22 1.880837 2.292021 4.418763 -0.035918 -0.306087 -0.951326 0.970931 0.214733 -0.105749 3.429705
pythagoras-zoomy 23 1.881334 2.268033 4.387599 -0.036457 -0.302349 -0.952500 0.976626 0.191259 -0.098091 3.392760
pythagoras-zoomy 24 1.881472 2.244387 4.356702 -0.036895 -0.298596 -0.953666 0.981690 0.167630 -0.090465 3.356212
pythagoras-zoomy 25 1.881259 2.221090 4.326067 -0.037233 -0.294829 -0.954824 0.986121 0.143863 -0.082876 3.320058
pythagoras-zoomy 26 1.880706 2.198143 4.295692 -0.037471 -0.291052 -0.955973 0.989915 0.119973 -0.075328 3.284293
pythagoras-zoomy 27 1.879824 2.175551 4.265570 -0.037608 -0.287268 -0.957112 0.993070 0.095975 -0.067827 3.248914
pythagoras-zoomy 28 1.878624 2.153317 4.235697 -0.037645 -0.283477 -0.958240 0.995584 0.071885 -0.060377 3.213916
pythagoras-zoomy 29 1.877114 2.131444 4.206071 -0.037580 -0.279684 -0.959356 0.997454 0.047720 -0.052984 3.179295
pythagoras-zoomy 30 1.875307 2.109936 4.176688 -0.037415 -0.275890 -0.960461 0.998681 0.023495 -0.045653 3.145047
pythagoras-zoomy 31 1.873212 2.088793 4.147544 -0.037150 -0.272098 -0.961552 0.999263 -0.000775 -0.038387 3.111167
pythagoras -- c1fb2484f118d25f
pythagoras 00 2.731046 2.896302 5.875180 -0.386618 -0.119712 -0.914437 -0.046618 0.992809 -0.110262 5.900001
pythagoras 01 3.739764 2.896302 5.326503 -0.557587 -0.119712 -0.821441 -0.067233 0.992809 -0.099049 5.900001
pythagoras 02 4.622058 2.896302 4.591578 -0.707128 -0.119712 -0.696878 -0.085265 0.992809 -0.084029 5.900001
pythagoras 03 5.344022 2.896302 3.698647 -0.829495 -0.119712 -0.545533 -0.100020 0.992809 -0.065780 5.900001
pythagoras 04 5.877912 2.896302 2.682025 -0.919985 -0.119712 -0.373225 -0.110931 0.992809 -0.045003 5.900001
pythagoras 05 6.203210 2.896302 1.580782 -0.975120 -0.119712 -0.186573 -0.117579 0.992809 -0.022497 5.900001
pythagoras 06 6.307416 2.896302 0.437235 -0.992782 -0.119712 0.007248 -0.119709 0.992809 0.000874 5.900001
pythagoras 07 6.186525 2.896302 -0.704669 -0.972292 -0.119712 0.200791 -0.117238 0.992809 0.024211 5.900002
pythagoras 08 5.845181 2.896302 -1.801045 -0.914437 -0.119712 0.386618 -0.110262 0.992809 0.046618 5.900001
pythagoras 09 5.296504 2.896302 -2.809764 -0.821441 -0.119712 0.557587 -0.099049 0.992809 0.067233 5.900001
pythagoras 10 4.561578 2.896302 -3.692059 -0.696878 -0.119712 0.707129 -0.084029 0.992809 0.085265 5.900001
pythagoras 11 3.668648 2.896302 -4.414023 -0.545533 -0.119712 0.829495 -0.065780 0.992809 0.100020 5.900001
pythagoras 12 2.652025 2.896302 -4.947912 -0.373225 -0.119712 0.919985 -0.045003 0.992809 0.110931 5.900001
pythagoras 13 1.550781 2.896302 -5.273211 -0.186573 -0.119712 0.975120 -0.022497 0.992809 0.117579 5.900001
pythagoras 14 0.407233 2.896302 -5.377417 0.007249 -0.119712 0.992782 0.000874 0.992809 0.119709 5.900001
pythagoras 15 -0.734670 2.896302 -5.256526 0.200791 -0.119712 0.972292 0.024211 0.992809 0.117238 5.900002
pythagoras 16 -1.831046 2.896302 -4.915180 0.386618 -0.119712 0.914437 0.046618 0.992809 0.110262 5.900001
pythagoras 17 -2.839766 2.896302 -4.366503 0.557587 -0.119712 0.821441 0.067233 0.992809 0.099049 5.900001
pythagoras 18 -3.722058 2.896302 -3.631577 0.707128 -0.119712 0.696877 0.085265 0.992809 0.084029 5.900001
pythagoras 19 -4.444022 2.896302 -2.738647 0.829495 -0.119712 0.545533 0.100020 0.992809 0.065780 5.900001
pythagoras 20 -4.977912 2.896302 -1.722026 0.919985 -0.119712 0.373225 0.110931 0.992809 0.045003 5.900001
pythagoras 21 -5.303211 2.896302 -0.620781 0.975120 -0.119712 0.186573 0.117579 0.992809 0.022497 5.900001
pythagoras 22 -5.407417 2.896302 0.522765 0.992782 -0.119712 -0.007248 0.119709 0.992809 -0.000874 5.900001
pythagoras 23 -5.286525 2.896302 1.664668 0.972292 -0.119712 -0.200791 0.117238 0.992809 -0.024211 5.900002
pythagoras 24 -4.945181 2.896302 2.761045 0.914437 -0.119712 -0.386618 0.110262 0.992809 -0.046618 5.900001
pythagoras 25 -4.396504 2.896302 3.769764 0.821441 -0.119712 -0.557587 0.099049 0.992809 -0.067233 5.900001
pythagoras 26 -3.661578 2.896302 4.652059 0.696878 -0.119712 -0.707129 0.084029 0.992809 -0.085265 5.900001
pythagoras 27 -2.768648 2.896302 5.374022 0.545534 -0.119712 -0.829495 0.065780 0.992809 -0.100020 5.900001
pythagoras 28 -1.752026 2.896302 5.907912 0.373225 -0.119712 -0.919985 0.045003 0.992809 -0.110931 5.900001
pythagoras 29 -0.650782 2.896302 6.233210 0.186573 -0.119712 -0.975120 0.022497 0.992809 -0.117579 5.900001
pythagoras 30 0.492765 2.896302 6.337417 -0.007248 -0.119712 -0.992782 -0.000874 0.992809 -0.119709 5.900001
pythagoras 31 1.634669 2.896302 6.216526 -0.200791 -0.119712 -0.972292 -0.024211 0.992809 -0.117238 5.900002
rose_window -- ce71e0be65feb622
rose_window 00 -0.000000 3.800000 1.200001 0.000000 -0.953583 -0.301132 0.000000 0.301132 -0.953583 3.984972
rose_window 01 0.234109 3.800000 1.176943 -0.058748 -0.953583 -0.295345 -0.186035 0.301131 -0.935260 3.984972
rose_window 02 0.459220 3.800000 1.108656 -0.115238 -0.953583 -0.278209 -0.364920 0.301131 -0.880996 3.984972
rose_window 03 0.666685 3.800000 0.997764 -0.167300 -0.953583 -0.250382 -0.529782 0.301132 -0.792875 3.984972
rose_window 04 0.848529 3.800000 0.848528 -0.212932 -0.953583 -0.212932 -0.674285 0.301131 -0.674285 3.984972
rose_window 05 0.997764 3.800000 0.666685 -0.250382 -0.953583 -0.167300 -0.792875 0.301131 -0.529782 3.984972
rose_window 06 1.108656 3.799999 0.459221 -0.278209 -0.953583 -0.115238 -0.880995 0.301131 -0.364920 3.984972
rose_window 07 1.176944 3.800000 0.234108 -0.295346 -0.953583 -0.058748 -0.935260 0.301132 -0.186035 3.984972
rose_window 08 1.200001 3.800000 0.000000 -0.301132 -0.953583 -0.000000 -0.953583 0.301131 0.000000 3.984972
rose_window 09 1.176943 3.800000 -0.234109 -0.295345 -0.953583 0.058748 -0.935260 0.301132 0.186035 3.984972
rose_window 10 1.108656 3.800000 -0.459221 -0.278209 -0.953583 0.115238 -0.880996 0.301132 0.364920 3.984972
rose_window 11 0.997764 3.800000 -0.666685 -0.250382 -0.953583 0.167300 -0.792875 0.301132 0.529782 3.984972
rose_window 12 0.848529 3.800000 -0.848529 -0.212932 -0.953583 0.212932 -0.674285 0.301132 0.674285 3.984972
rose_window 13 0.666685 3.800000 -0.997764 -0.167300 -0.953583 0.250382 -0.529782 0.301132 0.792875 3.984972
rose_window 14 0.459220 3.800000 -1.108656 -0.115238 -0.953583 0.278209 -0.364920 0.301132 0.880996 3.984972
rose_window 15 0.234108 3.800000 -1.176943 -0.058748 -0.953583 0.295345 -0.186035 0.301131 0.935260 3.984972
rose_window 16 -0.000000 3.800000 -1.200001 0.000000 -0.953583 0.301132 -0.000000 0.301131 0.953583 3.984972
rose_window 17 -0.234109 3.800000 -1.176943 0.058748 -0.953583 0.295345 0.186035 0.301132 0.935260 3.984972
rose_window 18 -0.459221 3.800000 -1.108656 0.115238 -0.953583 0.278209 0.364920 0.301132 0.880996 3.984972
rose_window 19 -0.666685 3.800000 -0.997764 0.167300 -0.953583 0.250382 0.529782 0.301131 0.792875 3.984972
rose_window 20 -0.848529 3.800000 -0.848528 0.212932 -0.953583 0.212932 0.674285 0.301132 0.674285 3.984972
rose_window 21 -0.997764 3.800000 -0.666685 0.250382 -0.953583 0.167300 0.792875 0.301132 0.529782 3.984972
rose_window 22 -1.108656 3.800000 -0.459220 0.278209 -0.953583 0.115238 0.880996 0.301132 0.364920 3.984972
rose_window 23 -1.176943 3.800000 -0.234108 0.295345 -0.953583 0.058748 0.935260 0.301132 0.186035 3.984972
rose_window 24 -1.200001 3.800000 -0.000001 0.301132 -0.953583 0.000000 0.953583 0.301131 -0.000000 3.984972
rose_window 25 -1.176942 3.800000 0.234108 0.295345 -0.953583 -0.058748 0.935260 0.301131 -0.186035 3.984972
rose_window 26 -1.108656 3.800000 0.459220 0.278209 -0.953583 -0.115238 0.880996 0.301132 -0.364920 3.984972
rose_window 27 -0.997764 3.800000 0.666684 0.250382 -0.953583 -0.167300 0.792875 0.301131 -0.529782 3.984972
rose_window 28 -0.848528 3.800000 0.848528 0.212932 -0.953583 -0.212932 0.674285 0.301131 -0.674285 3.984972
rose_window 29 -0.666685 3.800000 0.997764 0.167300 -0.953583 -0.250382 0.529782 0.301131 -0.792875 3.984972
rose_window 30 -0.459221 3.800000 1.108656 0.115238 -0.953583 -0.278209 0.364920 0.301132 -0.880996 3.984972
rose_window 31 -0.234108 3.800000 1.176943 0.058748 -0.953583 -0.295345 0.186035 0.301132 -0.935260 3.984972
shatterbox -- 05d47fb5855e5602
shatterbox 00 0.100000 1.685557 3.868457 0.000000 -0.389418 -0.921061 0.000000 0.921061 -0.389418 4.200000
shatterbox 01 0.854698 1.685557 3.794125 -0.179690 -0.389418 -0.903363 -0.075972 0.921061 -0.381936 4.200000
shatterbox 02 1.580394 1.685557 3.573987 -0.352475 -0.389418 -0.850949 -0.149024 0.921061 -0.359776 4.200000
shatterbox 03 2.249198 1.685557 3.216504 -0.511714 -0.389418 -0.765834 -0.216349 0.921061 -0.323790 4.200000
shatterbox 04 2.835411 1.685557 2.735412 -0.651288 -0.389418 -0.651289 -0.275360 0.921061 -0.275360 4.200000
shatterbox 05 3.316503 1.685557 2.149200 -0.765834 -0.389418 -0.511714 -0.323789 0.921061 -0.216349 4.200000
shatterbox 06 3.673987 1.685557 1.480395 -0.850949 -0.389418 -0.352475 -0.359776 0.921061 -0.149024 4.200000
shatterbox 07 3.894125 1.685557 0.754700 -0.903363 -0.389418 -0.179690 -0.381936 0.921061 -0.075972 4.200000
shatterbox 08 3.968456 1.685557 0.000000 -0.921061 -0.389418 0.000000 -0.389418 0.921061 0.000000 4.200000
shatterbox 09 3.894125 1.685557 -0.754698 -0.903363 -0.389418 0.179690 -0.381936 0.921061 0.075972 4.200000
shatterbox 10 3.673987 1.685557 -1.480394 -0.850949 -0.389418 0.352475 -0.359776 0.921061 0.149024 4.200000
shatterbox 11 3.316504 1.685557 -2.149198 -0.765834 -0.389418 0.511714 -0.323790 0.921061 0.216349 4.200000
shatterbox 12 2.835412 1.685557 -2.735411 -0.651289 -0.389418 0.651288 -0.275360 0.921061 0.275360 4.200000
shatterbox 13 2.249200 1.685557 -3.216504 -0.511714 -0.389418 0.765834 -0.216349 0.921061 0.323789 4.200000
shatterbox 14 1.580395 1.685557 -3.573988 -0.352475 -0.389418 0.850949 -0.149024 0.921061 0.359776 4.200000
shatterbox 15 0.854698 1.685557 -3.794126 -0.179690 -0.389418 0.903363 -0.075972 0.921061 0.381936 4.200000
shatterbox 16 0.100000 1.685557 -3.868456 -0.000000 -0.389418 0.921061 0.000000 0.921061 0.389418 4.200000
shatterbox 17 -0.654698 1.685557 -3.794125 0.179690 -0.389418 0.903363 0.075972 0.921061 0.381936 4.200000
shatterbox 18 -1.380394 1.685557 -3.573988 0.352475 -0.389418 0.850950 0.149024 0.921061 0.359776 4.200000
shatterbox 19 -2.049200 1.685557 -3.216504 0.511714 -0.389418 0.765834 0.216349 0.921061 0.323790 4.200000
shatterbox 20 -2.635412 1.685557 -2.735411 0.651289 -0.389418 0.651288 0.275360 0.921061 0.275360 4.200000
shatterbox 21 -3.116504 1.685557 -2.149199 0.765834 -0.389418 0.511714 0.323790 0.921061 0.216349 4.200000
shatterbox 22 -3.473988 1.685557 -1.480395 0.850949 -0.389418 0.352475 0.359776 0.921061 0.149024 4.200000
shatterbox 23 -3.694125 1.685557 -0.754700 0.903363 -0.389418 0.179690 0.381936 0.921061 0.075972 4.200000
shatterbox 24 -3.768456 1.685557 0.000001 0.921061 -0.389418 -0.000000 0.389418 0.921061 -0.000000 4.200000
shatterbox 25 -3.694125 1.685557 0.754698 0.903363 -0.389418 -0.179690 0.381936 0.921061 -0.075972 4.200000
shatterbox 26 -3.473987 1.685557 1.480394 0.850949 -0.389418 -0.352475 0.359776 0.921061 -0.149024 4.200000
shatterbox 27 -3.116504 1.685557 2.149199 0.765834 -0.389418 -0.511714 0.323790 0.921061 -0.216349 4.200000
shatterbox 28 -2.635412 1.685557 2.735411 0.651289 -0.389418 -0.651288 0.275360 0.921061 -0.275360 4.200000
shatterbox 29 -2.049200 1.685557 3.216504 0.511714 -0.389418 -0.765834 0.216349 0.921061 -0.323790 4.200000
shatterbox 30 -1.380395 1.685557 3.573988 0.352475 -0.389418 -0.850949 0.149024 0.921061 -0.359776 4.200000
shatterbox 31 -0.654699 1.685557 3.794126 0.179690 -0.389418 -0.903363 0.075972 0.921061 -0.381936 4.200000
sierpinski-zoom -- 4d978af5d976dd3a
sierpinski-zoom 00 0.024259 0.007785 -1.923554 -0.010907 -0.003500 0.999934 -0.000038 0.999994 0.003500 2.224200
sierpinski-zoom 01 0.023739 0.007618 -1.859756 -0.010907 -0.003500 0.999934 -0.000038 0.999994 0.003500 2.176540
sierpinski-zoom 02 0.023231 0.007455 -1.797476 -0.010907 -0.003500 0.999934 -0.000038 0.999994 0.003500 2.129901
sierpinski-zoom 03 0.022733 0.007295 -1.736675 -0.010907 -0.003500 0.999934 -0.000038 0.999994 0.003500 2.084262
sierpinski-zoom 04 0.022246 0.007139 -1.677316 -0.010907 -0.003500 0.999934 -0.000038 0.999994 0.003500 2.039600
sierpinski-zoom 05 0.021769 0.006986 -1.619363 -0.010907 -0.003500 0.999934 -0.000038 0.999994 0.003500 1.995896
sierpinski-zoom 06 0.021303 0.006836 -1.562778 -0.010907 -0.003500 0.999934 -0.000038 0.999994 0.003500 1.953128
sierpinski-zoom 07 0.020846 0.006689 -1.507526 -0.010907 -0.003500 0.999934 -0.000038 0.999994 0.003500 1.911277
sierpinski-zoom 08 0.020400 0.006546 -1.453571 -0.010907 -0.003500 0.999934 -0.000038 0.999994 0.003500 1.870322
sierpinski-zoom 09 0.019962 0.006406 -1.400878 -0.010907 -0.003500 0.999934 -0.000038 0.999994 0.003500 1.830245
sierpinski-zoom 10 0.019535 0.006269 -1.349411 -0.010907 -0.003500 0.999934 -0.000038 0.999994 0.003500 1.791026
sierpinski-zoom 11 0.019116 0.006134 -1.299138 -0.010907 -0.003500 0.999934 -0.000038 0.999994 0.003500 1.752648
sierpinski-zoom 12 0.018706 0.006003 -1.250022 -0.010907 -0.003500 0.999934 -0.000038 0.999994 0.003500 1.715093
sierpinski-zoom 13 0.018306 0.005874 -1.202032 -0.010907 -0.003500 0.999934 -0.000038 0.999994 0.003500 1.678342
sierpinski-zoom 14 0.017913 0.005748 -1.155133 -0.010907 -0.003500 0.999934 -0.000038 0.999994 0.003500 1.642378
sierpinski-zoom 15 0.017530 0.005625 -1.109293 -0.010907 -0.003500 0.999934 -0.000038 0.999994 0.003500 1.607186
sierpinski-zoom 16 0.017154 0.005505 -1.064480 -0.010907 -0.003500 0.999934 -0.000038 0.999994 0.003500 1.572747
sierpinski-zoom 17 0.016786 0.005387 -1.020660 -0.010907 -0.003500 0.999934 -0.000038 0.999994 0.003500 1.539046
sierpinski-zoom 18 0.016427 0.005271 -0.977803 -0.010907 -0.003500 0.999934 -0.000038 0.999994 0.003500 1.506068
sierpinski-zoom 19 0.016075 0.005158 -0.935876 -0.010907 -0.003500 0.999934 -0.000038 0.999994 0.003500 1.473796
sierpinski-zoom 20 0.015730 0.005048 -0.894849 -0.010907 -0.003500 0.999934 -0.000038 0.999994 0.003500 1.442215
sierpinski-zoom 21 0.015393 0.004940 -0.854690 -0.010907 -0.003500 0.999934 -0.000038 0.999994 0.003500 1.411312
sierpinski-zoom 22 0.015063 0.004834 -0.815371 -0.010907 -0.003500 0.999934 -0.000038 0.999994 0.003500 1.381070
sierpinski-zoom 23 0.014741 0.004730 -0.776859 -0.010907 -0.003500 0.999934 -0.000038 0.999994 0.003500 1.351477
sierpinski-zoom 24 0.014425 0.004629 -0.739125 -0.010907 -0.003500 0.999934 -0.000038 0.999994 0.003500 1.322517
sierpinski-zoom 25 0.014116 0.004530 -0.702140 -0.010907 -0.003500 0.999934 -0.000038 0.999994 0.003500 1.294178
sierpinski-zoom 26 0.013813 0.004433 -0.665874 -0.010907 -0.003500 0.999934 -0.000038 0.999994 0.003500 1.266447
sierpinski-zoom 27 0.013517 0.004338 -0.630298 -0.010907 -0.003500 0.999934 -0.000038 0.999994 0.003500 1.239310
sierpinski-zoom 28 0.013227 0.004245 -0.595384 -0.010907 -0.003500 0.999934 -0.000038 0.999994 0.003500 1.212754
sierpinski-zoom 29 0.012944 0.004154 -0.561103 -0.010907 -0.003500 0.999934 -0.000038 0.999994 0.003500 1.186767
sierpinski-zoom 30 0.012667 0.004065 -0.527427 -0.010907 -0.003500 0.999934 -0.000038 0.999994 0.003500 1.161337
sierpinski-zoom 31 0.012395 0.003978 -0.494327 -0.010907 -0.003500 0.999934 -0.000038 0.999994 0.003500 1.136452
sierpinski -- 7dc9513b24f958fc
sierpinski 00 -0.000000 1.000000 3.000000 0.000000 -0.316228 -0.948683 -0.000000 0.948683 -0.316228 3.162278
sierpinski 01 0.585271 1.000000 2.942356 -0.185079 -0.316228 -0.930455 -0.061693 0.948683 -0.310152 3.162278
sierpinski 02 1.148050 1.000000 2.771639 -0.363045 -0.316228 -0.876469 -0.121015 0.948683 -0.292156 3.162278
sierpinski 03 1.666711 1.000000 2.494409 -0.527060 -0.316228 -0.788801 -0.175687 0.948683 -0.262934 3.162278
sierpinski 04 2.121321 1.000000 2.121320 -0.670821 -0.316228 -0.670820 -0.223607 0.948683 -0.223607 3.162278
sierpinski 05 2.494409 1.000000 1.666710 -0.788801 -0.316228 -0.527060 -0.262934 0.948683 -0.175687 3.162278
sierpinski 06 2.771639 1.000000 1.148050 -0.876469 -0.316228 -0.363045 -0.292156 0.948683 -0.121015 3.162277
sierpinski 07 2.942356 1.000000 0.585270 -0.930455 -0.316228 -0.185079 -0.310152 0.948683 -0.061693 3.162277
sierpinski 08 3.000000 1.000000 0.000000 -0.948683 -0.316228 -0.000000 -0.316228 0.948684 0.000000 3.162278
sierpinski 09 2.942356 1.000000 -0.585271 -0.930455 -0.316228 0.185079 -0.310152 0.948683 0.061693 3.162278
sierpinski 10 2.771639 1.000000 -1.148050 -0.876469 -0.316228 0.363045 -0.292156 0.948683 0.121015 3.162278
sierpinski 11 2.494409 1.000000 -1.666711 -0.788801 -0.316228 0.527060 -0.262934 0.948683 0.175687 3.162278
sierpinski 12 2.121320 1.000000 -2.121321 -0.670820 -0.316228 0.670821 -0.223607 0.948683 0.223607 3.162278
sierpinski 13 1.666711 1.000000 -2.494409 -0.527060 -0.316228 0.788801 -0.175687 0.948683 0.262934 3.162278
sierpinski 14 1.148050 1.000000 -2.771638 -0.363045 -0.316228 0.876469 -0.121015 0.948683 0.292156 3.162277
sierpinski 15 0.585270 1.000000 -2.942356 -0.185079 -0.316228 0.930455 -0.061693 0.948683 0.310152 3.162277
sierpinski 16 0.000000 1.000000 -3.000000 -0.000000 -0.316228 0.948683 0.000000 0.948683 0.316228 3.162278
sierpinski 17 -0.585271 1.000000 -2.942356 0.185079 -0.316228 0.930455 0.061693 0.948683 0.310152 3.162278
sierpinski 18 -1.148050 1.000000 -2.771639 0.363045 -0.316228 0.876469 0.121015 0.948683 0.292156 3.162278
sierpinski 19 -1.666711 1.000000 -2.494409 0.527060 -0.316228 0.788801 0.175687 0.948683 0.262934 3.162278
sierpinski 20 -2.121321 1.000000 -2.121320 0.670821 -0.316228 0.670820 0.223607 0.948683 0.223607 3.162278
sierpinski 21 -2.494409 1.000000 -1.666710 0.788801 -0.316228 0.527060 0.262934 0.948683 0.175687 3.162278
sierpinski 22 -2.771639 1.000000 -1.148050 0.876469 -0.316228 0.363045 0.292156 0.948683 0.121015 3.162277
sierpinski 23 -2.942356 1.000000 -0.585270 0.930455 -0.316228 0.185079 0.310152 0.948683 0.061693 3.162277
sierpinski 24 -3.000000 1.000000 0.000001 0.948683 -0.316228 -0.000000 0.316228 0.948683 -0.000000 3.162278
sierpinski 25 -2.942356 1.000000 0.585271 0.930455 -0.316228 -0.185079 0.310152 0.948683 -0.061693 3.162278
sierpinski 26 -2.771639 1.000000 1.148051 0.876469 -0.316228 -0.363046 0.292156 0.948684 -0.121015 3.162278
sierpinski 27 -2.494409 1.000000 1.666711 0.788801 -0.316228 -0.527060 0.262934 0.948683 -0.175687 3.162278
sierpinski 28 -2.121320 1.000000 2.121321 0.670820 -0.316228 -0.670821 0.223607 0.948683 -0.223607 3.162278
sierpinski 29 -1.666711 1.000000 2.494409 0.527060 -0.316228 -0.788801 0.175687 0.948683 -0.262934 3.162278
sierpinski 30 -1.148050 1.000000 2.771639 0.363045 -0.316228 -0.876469 0.121015 0.948683 -0.292156 3.162277
sierpinski 31 -0.585270 1.000000 2.942356 0.185079 -0.316228 -0.930455 0.061693 0.948683 -0.310152 3.162277
sierpinski_10m -- 103e994a5841ac0c
sierpinski_10m 00 -0.000000 1.000000 3.000000 0.000000 -0.316228 -0.948683 -0.000000 0.948683 -0.316228 3.162278
sierpinski_10m 01 0.585271 1.000000 2.942356 -0.185079 -0.316228 -0.930455 -0.061693 0.948683 -0.310152 3.162278
sierpinski_10m 02 1.148050 1.000000 2.771639 -0.363045 -0.316228 -0.876469 -0.121015 0.948683 -0.292156 3.162278
sierpinski_10m 03 1.666711 1.000000 2.494409 -0.527060 -0.316228 -0.788801 -0.175687 0.948683 -0.262934 3.162278
sierpinski_10m 04 2.121321 1.000000 2.121320 -0.670821 -0.316228 -0.670820 -0.223607 0.948683 -0.223607 3.162278
sierpinski_10m 05 2.494409 1.000000 1.666710 -0.788801 -0.316228 -0.527060 -0.262934 0.948683 -0.175687 3.162278
sierpinski_10m 06 2.771639 1.000000 1.148050 -0.876469 -0.316228 -0.363045 -0.292156 0.948683 -0.121015 3.162277
sierpinski_10m 07 2.942356 1.000000 0.585270 -0.930455 -0.316228 -0.185079 -0.310152 0.948683 -0.061693 3.162277
sierpinski_10m 08 3.000000 1.000000 0.000000 -0.948683 -0.316228 -0.000000 -0.316228 0.948684 0.000000 3.162278
sierpinski_10m 09 2.942356 1.000000 -0.585271 -0.930455 -0.316228 0.185079 -0.310152 0.948683 0.061693 3.162278
sierpinski_10m 10 2.771639 1.000000 -1.148050 -0.876469 -0.316228 0.363045 -0.292156 0.948683 0.121015 3.162278
sierpinski_10m 11 2.494409 1.000000 -1.666711 -0.788801 -0.316228 0.527060 -0.262934 0.948683 0.175687 3.162278
sierpinski_10m 12 2.121320 1.000000 -2.121321 -0.670820 -0.316228 0.670821 -0.223607 0.948683 0.223607 3.162278
sierpinski_10m 13 1.666711 1.000000 -2.494409 -0.527060 -0.316228 0.788801 -0.175687 0.948683 0.262934 3.162278
sierpinski_10m 14 1.148050 1.000000 -2.771638 -0.363045 -0.316228 0.876469 -0.121015 0.948683 0.292156 3.162277
sierpinski_10m 15 0.585270 1.000000 -2.942356 -0.185079 -0.316228 0.930455 -0.061693 0.948683 0.310152 3.162277
sierpinski_10m 16 0.000000 1.000000 -3.000000 -0.000000 -0.316228 0.948683 0.000000 0.948683 0.316228 3.162278
sierpinski_10m 17 -0.585271 1.000000 -2.942356 0.185079 -0.316228 0.930455 0.061693 0.948683 0.310152 3.162278
sierpinski_10m 18 -1.148050 1.000000 -2.771639 0.363045 -0.316228 0.876469 0.121015 0.948683 0.292156 3.162278
sierpinski_10m 19 -1.666711 1.000000 -2.494409 0.527060 -0.316228 0.788801 0.175687 0.948683 0.262934 3.162278
sierpinski_10m 20 -2.121321 1.000000 -2.121320 0.670821 -0.316228 0.670820 0.223607 0.948683 0.223607 3.162278
sierpinski_10m 21 -2.494409 1.000000 -1.666710 0.788801 -0.316228 0.527060 0.262934 0.948683 0.175687 3.162278
sierpinski_10m 22 -2.771639 1.000000 -1.148050 0.876469 -0.316228 0.363045 0.292156 0.948683 0.121015 3.162277
sierpinski_10m 23 -2.942356 1.000000 -0.585270 0.930455 -0.316228 0.185079 0.310152 0.948683 0.061693 3.162277
sierpinski_10m 24 -3.000000 1.000000 0.000001 0.948683 -0.316228 -0.000000 0.316228 0.948683 -0.000000 3.162278
sierpinski_10m 25 -2.942356 1.000000 0.585271 0.930455 -0.316228 -0.185079 0.310152 0.948683 -0.061693 3.162278
sierpinski_10m 26 -2.771639 1.000000 1.148051 0.876469 -0.316228 -0.363046 0.292156 0.948684 -0.121015 3.162278
sierpinski_10m 27 -2.494409 1.000000 1.666711 0.788801 -0.316228 -0.527060 0.262934 0.948683 -0.175687 3.162278
sierpinski_10m 28 -2.121320 1.000000 2.121321 0.670820 -0.316228 -0.670821 0.223607 0.948683 -0.223607 3.162278
sierpinski_10m 29 -1.666711 1.000000 2.494409 0.527060 -0.316228 -0.788801 0.175687 0.948683 -0.262934 3.162278
sierpinski_10m 30 -1.148050 1.000000 2.771639 0.363045 -0.316228 -0.876469 0.121015 0.948683 -0.292156 3.162277
sierpinski_10m 31 -0.585270 1.000000 2.942356 0.185079 -0.316228 -0.930455 0.061693 0.948683 -0.310152 3.162277
sierpinski_scuffed -- ec870f4ec11a15a6
sierpinski_scuffed 00 -0.000000 1.000000 3.000000 0.000000 -0.316228 -0.948683 -0.000000 0.948683 -0.316228 3.162278
sierpinski_scuffed 01 0.585271 1.000000 2.942356 -0.185079 -0.316228 -0.930455 -0.061693 0.948683 -0.310152 3.162278
sierpinski_scuffed 02 1.148050 1.000000 2.771639 -0.363045 -0.316228 -0.876469 -0.121015 0.948683 -0.292156 3.162278
sierpinski_scuffed 03 1.666711 1.000000 2.494409 -0.527060 -0.316228 -0.788801 -0.175687 0.948683 -0.262934 3.162278
sierpinski_scuffed 04 2.121321 1.000000 2.121320 -0.670821 -0.316228 -0.670820 -0.223607 0.948683 -0.223607 3.162278
sierpinski_scuffed 05 2.494409 1.000000 1.666710 -0.788801 -0.316228 -0.527060 -0.262934 0.948683 -0.175687 3.162278
sierpinski_scuffed 06 2.771639 1.000000 1.148050 -0.876469 -0.316228 -0.363045 -0.292156 0.948683 -0.121015 3.162277
sierpinski_scuffed 07 2.942356 1.000000 0.585270 -0.930455 -0.316228 -0.185079 -0.310152 0.948683 -0.061693 3.162277
sierpinski_scuffed 08 3.000000 1.000000 0.000000 -0.948683 -0.316228 -0.000000 -0.316228 0.948684 0.000000 3.162278
sierpinski_scuffed 09 2.942356 1.000000 -0.585271 -0.930455 -0.316228 0.185079 -0.310152 0.948683 0.061693 3.162278
sierpinski_scuffed 10 2.771639 1.000000 -1.148050 -0.876469 -0.316228 0.363045 -0.292156 0.948683 0.121015 3.162278
sierpinski_scuffed 11 2.494409 1.000000 -1.666711 -0.788801 -0.316228 0.527060 -0.262934 0.948683 0.175687 3.162278
sierpinski_scuffed 12 2.121320 1.000000 -2.121321 -0.670820 -0.316228 0.670821 -0.223607 0.948683 0.223607 3.162278
sierpinski_scuffed 13 1.666711 1.000000 -2.494409 -0.527060 -0.316228 0.788801 -0.175687 0.948683 0.262934 3.162278
sierpinski_scuffed 14 1.148050 1.000000 -2.771638 -0.363045 -0.316228 0.876469 -0.121015 0.948683 0.292156 3.162277
sierpinski_scuffed 15 0.585270 1.000000 -2.942356 -0.185079 -0.316228 0.930455 -0.061693 0.948683 0.310152 3.162277
sierpinski_scuffed 16 0.000000 1.000000 -3.000000 -0.000000 -0.316228 0.948683 0.000000 0.948683 0.316228 3.162278
sierpinski_scuffed 17 -0.585271 1.000000 -2.942356 0.185079 -0.316228 0.930455 0.061693 0.948683 0.310152 3.162278
sierpinski_scuffed 18 -1.148050 1.000000 -2.771639 0.363045 -0.316228 0.876469 0.121015 0.948683 0.292156 3.162278
sierpinski_scuffed 19 -1.666711 1.000000 -2.494409 0.527060 -0.316228 0.788801 0.175687 0.948683 0.262934 3.162278
sierpinski_scuffed 20 -2.121321 1.000000 -2.121320 0.670821 -0.316228 0.670820 0.223607 0.948683 0.223607 3.162278
sierpinski_scuffed 21 -2.494409 1.000000 -1.666710 0.788801 -0.316228 0.527060 0.262934 0.948683 0.175687 3.162278
sierpinski_scuffed 22 -2.771639 1.000000 -1.148050 0.876469 -0.316228 0.363045 0.292156 0.948683 0.121015 3.162277
sierpinski_scuffed 23 -2.942356 1.000000 -0.585270 0.930455 -0.316228 0.185079 0.310152 0.948683 0.061693 3.162277
sierpinski_scuffed 24 -3.000000 1.000000 0.000001 0.948683 -0.316228 -0.000000 0.316228 0.948683 -0.000000 3.162278
sierpinski_scuffed 25 -2.942356 1.000000 0.585271 0.930455 -0.316228 -0.185079 0.310152 0.948683 -0.061693 3.162278
sierpinski_scuffed 26 -2.771639 1.000000 1.148051 0.876469 -0.316228 -0.363046 0.292156 0.948684 -0.121015 3.162278
sierpinski_scuffed 27 -2.494409 1.000000 1.666711 0.788801 -0.316228 -0.527060 0.262934 0.948683 -0.175687 3.162278
sierpinski_scuffed 28 -2.121320 1.000000 2.121321 0.670820 -0.316228 -0.670821 0.223607 0.948683 -0.223607 3.162278
sierpinski_scuffed 29 -1.666711 1.000000 2.494409 0.527060 -0.316228 -0.788801 0.175687 0.948683 -0.262934 3.162278
sierpinski_scuffed 30 -1.148050 1.000000 2.771639 0.363045 -0.316228 -0.876469 0.121015 0.948683 -0.292156 3.162277
sierpinski_scuffed 31 -0.585270 1.000000 2.942356 0.185079 -0.316228 -0.930455 0.061693 0.948683 -0.310152 3.162277
stellate -- e7f51cfbc97da912
stellate 00 0.300000 1.019029 2.328498 -0.000000 -0.247404 -0.968912 -0.000000 0.968912 -0.247404 2.300000
stellate 01 0.734759 1.019029 2.285678 -0.189026 -0.247404 -0.950295 -0.048266 0.968912 -0.242650 2.300000
stellate 02 1.152810 1.019029 2.158864 -0.370787 -0.247404 -0.895158 -0.094677 0.968912 -0.228572 2.300000
stellate 03 1.538088 1.019029 1.952929 -0.538299 -0.247404 -0.805621 -0.137450 0.968912 -0.205709 2.300000
stellate 04 1.875787 1.019029 1.675786 -0.685125 -0.247404 -0.685124 -0.174941 0.968912 -0.174941 2.300000
stellate 05 2.152929 1.019029 1.338087 -0.805621 -0.247404 -0.538299 -0.205709 0.968912 -0.137450 2.300000
stellate 06 2.358864 1.019029 0.952809 -0.895158 -0.247404 -0.370787 -0.228571 0.968912 -0.094677 2.300000
stellate 07 2.485679 1.019029 0.534758 -0.950295 -0.247404 -0.189025 -0.242650 0.968913 -0.048266 2.300000
stellate 08 2.528498 1.019029 0.100000 -0.968912 -0.247404 0.000000 -0.247404 0.968912 0.000000 2.300000
stellate 09 2.485678 1.019029 -0.334759 -0.950295 -0.247404 0.189026 -0.242650 0.968912 0.048266 2.300000
stellate 10 2.358864 1.019029 -0.752810 -0.895158 -0.247404 0.370787 -0.228571 0.968912 0.094677 2.300000
stellate 11 2.152929 1.019029 -1.138088 -0.805621 -0.247404 0.538299 -0.205709 0.968913 0.137450 2.300000
stellate 12 1.875786 1.019029 -1.475787 -0.685124 -0.247404 0.685125 -0.174941 0.968912 0.174941 2.300000
stellate 13 1.538087 1.019029 -1.752929 -0.538299 -0.247404 0.805621 -0.137450 0.968912 0.205709 2.300000
stellate 14 1.152809 1.019029 -1.958865 -0.370786 -0.247404 0.895159 -0.094677 0.968913 0.228572 2.300000
stellate 15 0.734757 1.019029 -2.085679 -0.189025 -0.247404 0.950295 -0.048266 0.968912 0.242650 2.300000
stellate 16 0.299999 1.019029 -2.128499 0.000000 -0.247404 0.968912 0.000000 0.968912 0.247404 2.300000
stellate 17 -0.134759 1.019029 -2.085679 0.189026 -0.247404 0.950295 0.048266 0.968912 0.242650 2.300000
stellate 18 -0.552810 1.019029 -1.958864 0.370787 -0.247404 0.895158 0.094678 0.968913 0.228571 2.300000
stellate 19 -0.938088 1.019029 -1.752929 0.538299 -0.247404 0.805621 0.137450 0.968912 0.205709 2.300000
stellate 20 -1.275787 1.019029 -1.475786 0.685125 -0.247404 0.685124 0.174941 0.968912 0.174941 2.300000
stellate 21 -1.552929 1.019029 -1.138087 0.805621 -0.247404 0.538299 0.205709 0.968912 0.137450 2.300000
stellate 22 -1.758865 1.019029 -0.752809 0.895159 -0.247404 0.370787 0.228571 0.968913 0.094677 2.300000
stellate 23 -1.885679 1.019029 -0.334758 0.950295 -0.247404 0.189025 0.242650 0.968912 0.048266 2.300000
stellate 24 -1.928499 1.019029 0.100000 0.968912 -0.247404 -0.000000 0.247404 0.968912 -0.000000 2.300000
stellate 25 -1.885679 1.019029 0.534759 0.950295 -0.247404 -0.189026 0.242650 0.968912 -0.048266 2.300000
stellate 26 -1.758864 1.019029 0.952810 0.895158 -0.247404 -0.370787 0.228572 0.968913 -0.094677 2.300000
stellate 27 -1.552929 1.019029 1.338088 0.805621 -0.247404 -0.538299 0.205709 0.968912 -0.137450 2.300000
stellate 28 -1.275786 1.019029 1.675787 0.685124 -0.247404 -0.685125 0.174941 0.968912 -0.174941 2.300000
stellate 29 -0.938087 1.019029 1.952929 0.538299 -0.247404 -0.805621 0.137450 0.968913 -0.205709 2.300000
stellate 30 -0.552809 1.019029 2.158864 0.370786 -0.247404 -0.895159 0.094677 0.968912 -0.228572 2.300000
stellate 31 -0.134758 1.019029 2.285679 0.189025 -0.247404 -0.950295 0.048266 0.968912 -0.242650 2.300000
thistledown -- 62429b7629433a13
thistledown 00 0.000000 0.995962 2.066072 -0.000000 -0.179030 -0.983844 -0.000000 0.983844 -0.179030 2.100000
thistledown 01 0.403071 0.995962 2.026373 -0.191938 -0.179030 -0.964939 -0.034927 0.983844 -0.175590 2.100000
thistledown 02 0.790652 0.995962 1.908801 -0.376501 -0.179030 -0.908953 -0.068512 0.983844 -0.165402 2.100000
thistledown 03 1.147848 0.995962 1.717876 -0.546595 -0.179030 -0.818036 -0.099464 0.983844 -0.148858 2.100000
thistledown 04 1.460933 0.995962 1.460933 -0.695683 -0.179030 -0.695683 -0.126593 0.983844 -0.126593 2.100000
thistledown 05 1.717876 0.995962 1.147847 -0.818036 -0.179030 -0.546594 -0.148858 0.983844 -0.099464 2.100000
thistledown 06 1.908801 0.995962 0.790651 -0.908953 -0.179030 -0.376501 -0.165402 0.983844 -0.068512 2.100000
thistledown 07 2.026373 0.995962 0.403071 -0.964939 -0.179030 -0.191938 -0.175590 0.983844 -0.034927 2.100000
thistledown 08 2.066072 0.995962 -0.000000 -0.983844 -0.179030 0.000000 -0.179030 0.983844 0.000000 2.100000
thistledown 09 2.026373 0.995962 -0.403071 -0.964939 -0.179030 0.191938 -0.175590 0.983844 0.034927 2.100000
thistledown 10 1.908801 0.995962 -0.790652 -0.908953 -0.179030 0.376501 -0.165402 0.983844 0.068512 2.100000
thistledown 11 1.717876 0.995962 -1.147848 -0.818036 -0.179030 0.546595 -0.148858 0.983844 0.099464 2.100000
thistledown 12 1.460933 0.995962 -1.460933 -0.695682 -0.179030 0.695683 -0.126593 0.983844 0.126593 2.100000
thistledown 13 1.147847 0.995962 -1.717876 -0.546594 -0.179030 0.818036 -0.099463 0.983844 0.148858 2.100000
thistledown 14 0.790651 0.995962 -1.908801 -0.376500 -0.179030 0.908953 -0.068512 0.983844 0.165402 2.100000
thistledown 15 0.403070 0.995962 -2.026373 -0.191938 -0.179030 0.964939 -0.034927 0.983844 0.175590 2.100000
thistledown 16 -0.000001 0.995962 -2.066072 0.000000 -0.179030 0.983844 0.000000 0.983844 0.179030 2.100000
thistledown 17 -0.403071 0.995962 -2.026373 0.191939 -0.179030 0.964939 0.034927 0.983844 0.175590 2.100000
thistledown 18 -0.790652 0.995962 -1.908801 0.376501 -0.179030 0.908953 0.068512 0.983844 0.165402 2.100000
thistledown 19 -1.147849 0.995962 -1.717875 0.546595 -0.179030 0.818036 0.099464 0.983844 0.148858 2.100000
thistledown 20 -1.460933 0.995962 -1.460933 0.695683 -0.179030 0.695682 0.126593 0.983844 0.126593 2.100000
thistledown 21 -1.717876 0.995962 -1.147848 0.818036 -0.179030 0.546594 0.148858 0.983844 0.099463 2.100000
thistledown 22 -1.908801 0.995962 -0.790651 0.908953 -0.179030 0.376501 0.165402 0.983844 0.068512 2.100000
thistledown 23 -2.026373 0.995962 -0.403070 0.964939 -0.179030 0.191938 0.175590 0.983844 0.034927 2.100000
thistledown 24 -2.066072 0.995962 0.000000 0.983844 -0.179030 -0.000000 0.179030 0.983844 -0.000000 2.100000
thistledown 25 -2.026373 0.995962 0.403070 0.964939 -0.179030 -0.191938 0.175590 0.983844 -0.034927 2.100000
thistledown 26 -1.908801 0.995962 0.790652 0.908953 -0.179030 -0.376501 0.165402 0.983844 -0.068512 2.100000
thistledown 27 -1.717876 0.995962 1.147848 0.818036 -0.179030 -0.546594 0.148858 0.983844 -0.099464 2.100000
thistledown 28 -1.460933 0.995962 1.460933 0.695683 -0.179030 -0.695683 0.126593 0.983844 -0.126593 2.100000
thistledown 29 -1.147848 0.995962 1.717876 0.546594 -0.179030 -0.818036 0.099464 0.983844 -0.148858 2.100000
thistledown 30 -0.790651 0.995962 1.908801 0.376501 -0.179030 -0.908953 0.068512 0.983844 -0.165402 2.100000
thistledown 31 -0.403070 0.995962 2.026373 0.191938 -0.179030 -0.964939 0.034927 0.983844 -0.175590 2.100000
tree -- 2142a74dd6d90994
tree 00 -0.000000 1.000000 3.000000 0.000000 -0.316228 -0.948683 -0.000000 0.948683 -0.316228 3.162278
tree 01 0.585271 1.000000 2.942356 -0.185079 -0.316228 -0.930455 -0.061693 0.948683 -0.310152 3.162278
tree 02 1.148050 1.000000 2.771639 -0.363045 -0.316228 -0.876469 -0.121015 0.948683 -0.292156 3.162278
tree 03 1.666711 1.000000 2.494409 -0.527060 -0.316228 -0.788801 -0.175687 0.948683 -0.262934 3.162278
tree 04 2.121321 1.000000 2.121320 -0.670821 -0.316228 -0.670820 -0.223607 0.948683 -0.223607 3.162278
tree 05 2.494409 1.000000 1.666710 -0.788801 -0.316228 -0.527060 -0.262934 0.948683 -0.175687 3.162278
tree 06 2.771639 1.000000 1.148050 -0.876469 -0.316228 -0.363045 -0.292156 0.948683 -0.121015 3.162277
tree 07 2.942356 1.000000 0.585270 -0.930455 -0.316228 -0.185079 -0.310152 0.948683 -0.061693 3.162277
tree 08 3.000000 1.000000 0.000000 -0.948683 -0.316228 -0.000000 -0.316228 0.948684 0.000000 3.162278
tree 09 2.942356 1.000000 -0.585271 -0.930455 -0.316228 0.185079 -0.310152 0.948683 0.061693 3.162278
tree 10 2.771639 1.000000 -1.148050 -0.876469 -0.316228 0.363045 -0.292156 0.948683 0.121015 3.162278
tree 11 2.494409 1.000000 -1.666711 -0.788801 -0.316228 0.527060 -0.262934 0.948683 0.175687 3.162278
tree 12 2.121320 1.000000 -2.121321 -0.670820 -0.316228 0.670821 -0.223607 0.948683 0.223607 3.162278
tree 13 1.666711 1.000000 -2.494409 -0.527060 -0.316228 0.788801 -0.175687 0.948683 0.262934 3.162278
tree 14 1.148050 1.000000 -2.771638 -0.363045 -0.316228 0.876469 -0.121015 0.948683 0.292156 3.162277
tree 15 0.585270 1.000000 -2.942356 -0.185079 -0.316228 0.930455 -0.061693 0.948683 0.310152 3.162277
tree 16 0.000000 1.000000 -3.000000 -0.000000 -0.316228 0.948683 0.000000 0.948683 0.316228 3.162278
tree 17 -0.585271 1.000000 -2.942356 0.185079 -0.316228 0.930455 0.061693 0.948683 0.310152 3.162278
tree 18 -1.148050 1.000000 -2.771639 0.363045 -0.316228 0.876469 0.121015 0.948683 0.292156 3.162278
tree 19 -1.666711 1.000000 -2.494409 0.527060 -0.316228 0.788801 0.175687 0.948683 0.262934 3.162278
tree 20 -2.121321 1.000000 -2.121320 0.670821 -0.316228 0.670820 0.223607 0.948683 0.223607 3.162278
tree 21 -2.494409 1.000000 -1.666710 0.788801 -0.316228 0.527060 0.262934 0.948683 0.175687 3.162278
tree 22 -2.771639 1.000000 -1.148050 0.876469 -0.316228 0.363045 0.292156 0.948683 0.121015 3.162277
tree 23 -2.942356 1.000000 -0.585270 0.930455 -0.316228 0.185079 0.310152 0.948683 0.061693 3.162277
tree 24 -3.000000 1.000000 0.000001 0.948683 -0.316228 -0.000000 0.316228 0.948683 -0.000000 3.162278
tree 25 -2.942356 1.000000 0.585271 0.930455 -0.316228 -0.185079 0.310152 0.948683 -0.061693 3.162278
tree 26 -2.771639 1.000000 1.148051 0.876469 -0.316228 -0.363046 0.292156 0.948684 -0.121015 3.162278
tree 27 -2.494409 1.000000 1.666711 0.788801 -0.316228 -0.527060 0.262934 0.948683 -0.175687 3.162278
tree 28 -2.121320 1.000000 2.121321 0.670820 -0.316228 -0.670821 0.223607 0.948683 -0.223607 3.162278
tree 29 -1.666711 1.000000 2.494409 0.527060 -0.316228 -0.788801 0.175687 0.948683 -0.262934 3.162278
tree 30 -1.148050 1.000000 2.771639 0.363045 -0.316228 -0.876469 0.121015 0.948683 -0.292156 3.162277
tree 31 -0.585270 1.000000 2.942356 0.185079 -0.316228 -0.930455 0.061693 0.948683 -0.310152 3.162277
vortex -- 0524e6b20489b890
vortex 00 -0.000000 1.000000 3.000000 0.000000 -0.316228 -0.948683 -0.000000 0.948683 -0.316228 3.162278
vortex 01 0.585271 1.000000 2.942356 -0.185079 -0.316228 -0.930455 -0.061693 0.948683 -0.310152 3.162278
vortex 02 1.148050 1.000000 2.771639 -0.363045 -0.316228 -0.876469 -0.121015 0.948683 -0.292156 3.162278
vortex 03 1.666711 1.000000 2.494409 -0.527060 -0.316228 -0.788801 -0.175687 0.948683 -0.262934 3.162278
vortex 04 2.121321 1.000000 2.121320 -0.670821 -0.316228 -0.670820 -0.223607 0.948683 -0.223607 3.162278
vortex 05 2.494409 1.000000 1.666710 -0.788801 -0.316228 -0.527060 -0.262934 0.948683 -0.175687 3.162278
vortex 06 2.771639 1.000000 1.148050 -0.876469 -0.316228 -0.363045 -0.292156 0.948683 -0.121015 3.162277
vortex 07 2.942356 1.000000 0.585270 -0.930455 -0.316228 -0.185079 -0.310152 0.948683 -0.061693 3.162277
vortex 08 3.000000 1.000000 0.000000 -0.948683 -0.316228 -0.000000 -0.316228 0.948684 0.000000 3.162278
vortex 09 2.942356 1.000000 -0.585271 -0.930455 -0.316228 0.185079 -0.310152 0.948683 0.061693 3.162278
vortex 10 2.771639 1.000000 -1.148050 -0.876469 -0.316228 0.363045 -0.292156 0.948683 0.121015 3.162278
vortex 11 2.494409 1.000000 -1.666711 -0.788801 -0.316228 0.527060 -0.262934 0.948683 0.175687 3.162278
vortex 12 2.121320 1.000000 -2.121321 -0.670820 -0.316228 0.670821 -0.223607 0.948683 0.223607 3.162278
vortex 13 1.666711 1.000000 -2.494409 -0.527060 -0.316228 0.788801 -0.175687 0.948683 0.262934 3.162278
vortex 14 1.148050 1.000000 -2.771638 -0.363045 -0.316228 0.876469 -0.121015 0.948683 0.292156 3.162277
vortex 15 0.585270 1.000000 -2.942356 -0.185079 -0.316228 0.930455 -0.061693 0.948683 0.310152 3.162277
vortex 16 0.000000 1.000000 -3.000000 -0.000000 -0.316228 0.948683 0.000000 0.948683 0.316228 3.162278
vortex 17 -0.585271 1.000000 -2.942356 0.185079 -0.316228 0.930455 0.061693 0.948683 0.310152 3.162278
vortex 18 -1.148050 1.000000 -2.771639 0.363045 -0.316228 0.876469 0.121015 0.948683 0.292156 3.162278
vortex 19 -1.666711 1.000000 -2.494409 0.527060 -0.316228 0.788801 0.175687 0.948683 0.262934 3.162278
vortex 20 -2.121321 1.000000 -2.121320 0.670821 -0.316228 0.670820 0.223607 0.948683 0.223607 3.162278
vortex 21 -2.494409 1.000000 -1.666710 0.788801 -0.316228 0.527060 0.262934 0.948683 0.175687 3.162278
vortex 22 -2.771639 1.000000 -1.148050 0.876469 -0.316228 0.363045 0.292156 0.948683 0.121015 3.162277
vortex 23 -2.942356 1.000000 -0.585270 0.930455 -0.316228 0.185079 0.310152 0.948683 0.061693 3.162277
vortex 24 -3.000000 1.000000 0.000001 0.948683 -0.316228 -0.000000 0.316228 0.948683 -0.000000 3.162278
vortex 25 -2.942356 1.000000 0.585271 0.930455 -0.316228 -0.185079 0.310152 0.948683 -0.061693 3.162278
vortex 26 -2.771639 1.000000 1.148051 0.876469 -0.316228 -0.363046 0.292156 0.948684 -0.121015 3.162278
vortex 27 -2.494409 1.000000 1.666711 0.788801 -0.316228 -0.527060 0.262934 0.948683 -0.175687 3.162278
vortex 28 -2.121320 1.000000 2.121321 0.670820 -0.316228 -0.670821 0.223607 0.948683 -0.223607 3.162278
vortex 29 -1.666711 1.000000 2.494409 0.527060 -0.316228 -0.788801 0.175687 0.948683 -0.262934 3.162278
vortex 30 -1.148050 1.000000 2.771639 0.363045 -0.316228 -0.876469 0.121015 0.948683 -0.292156 3.162277
vortex 31 -0.585270 1.000000 2.942356 0.185079 -0.316228 -0.930455 0.061693 0.948683 -0.310152 3.162277
wellspiral-edit1 -- cb7e73a03b150bd1
wellspiral-edit1 00 0.000000 3.285951 1.470555 -0.000000 -0.912764 -0.408488 -0.000000 0.408488 -0.912764 3.600000
wellspiral-edit1 01 0.026973 3.250251 1.454328 -0.007575 -0.912764 -0.408417 -0.016926 0.408487 -0.912607 3.560889
wellspiral-edit1 02 0.053350 3.214940 1.437786 -0.015147 -0.912764 -0.408207 -0.033845 0.408487 -0.912136 3.522202
wellspiral-edit1 03 0.079132 3.180012 1.420943 -0.022713 -0.912764 -0.407856 -0.050753 0.408488 -0.911352 3.483937
wellspiral-edit1 04 0.104322 3.145463 1.403813 -0.030272 -0.912764 -0.407364 -0.067644 0.408488 -0.910254 3.446086
wellspiral-edit1 05 0.128918 3.111290 1.386409 -0.037821 -0.912764 -0.406733 -0.084511 0.408488 -0.908843 3.408647
wellspiral-edit1 06 0.152925 3.077489 1.368746 -0.045357 -0.912764 -0.405962 -0.101349 0.408488 -0.907120 3.371615
wellspiral-edit1 07 0.176343 3.044054 1.350838 -0.052877 -0.912764 -0.405051 -0.118152 0.408488 -0.905084 3.334985
wellspiral-edit1 08 0.199173 3.010983 1.332699 -0.060378 -0.912764 -0.404001 -0.134915 0.408488 -0.902738 3.298753
wellspiral-edit1 09 0.221419 2.978270 1.314340 -0.067859 -0.912764 -0.402812 -0.151632 0.408487 -0.900081 3.262914
wellspiral-edit1 10 0.243083 2.945914 1.295776 -0.075317 -0.912764 -0.401484 -0.168296 0.408487 -0.897115 3.227465
wellspiral-edit1 11 0.264168 2.913909 1.277019 -0.082749 -0.912764 -0.400018 -0.184902 0.408487 -0.893840 3.192402
wellspiral-edit1 12 0.284675 2.882251 1.258083 -0.090152 -0.912764 -0.398415 -0.201445 0.408488 -0.890257 3.157718
wellspiral-edit1 13 0.304609 2.850938 1.238979 -0.097525 -0.912764 -0.396675 -0.217918 0.408487 -0.886369 3.123412
wellspiral-edit1 14 0.323973 2.819965 1.219721 -0.104863 -0.912764 -0.394798 -0.234317 0.408488 -0.882176 3.089479
wellspiral-edit1 15 0.342770 2.789329 1.200320 -0.112166 -0.912764 -0.392786 -0.250635 0.408487 -0.877679 3.055914
wellspiral-edit1 16 0.361003 2.759025 1.180789 -0.119430 -0.912764 -0.390639 -0.266867 0.408487 -0.872881 3.022714
wellspiral-edit1 17 0.378678 2.729049 1.161138 -0.126653 -0.912764 -0.388357 -0.283006 0.408487 -0.867782 2.989875
wellspiral-edit1 18 0.395796 2.699401 1.141380 -0.133833 -0.912764 -0.385941 -0.299049 0.408488 -0.862385 2.957392
wellspiral-edit1 19 0.412364 2.670074 1.121526 -0.140966 -0.912764 -0.383393 -0.314989 0.408487 -0.856691 2.925262
wellspiral-edit1 20 0.428384 2.641066 1.101588 -0.148051 -0.912764 -0.380714 -0.330821 0.408488 -0.850703 2.893481
wellspiral-edit1 21 0.443862 2.612373 1.081575 -0.155086 -0.912764 -0.377903 -0.346538 0.408487 -0.844423 2.862046
wellspiral-edit1 22 0.458802 2.583990 1.061499 -0.162066 -0.912764 -0.374962 -0.362137 0.408487 -0.837851 2.830952
wellspiral-edit1 23 0.473209 2.555918 1.041371 -0.168991 -0.912764 -0.371892 -0.377611 0.408487 -0.830992 2.800196
wellspiral-edit1 24 0.487088 2.528150 1.021201 -0.175858 -0.912764 -0.368695 -0.392955 0.408487 -0.823847 2.769774
wellspiral-edit1 25 0.500444 2.500684 1.000999 -0.182665 -0.912764 -0.365370 -0.408164 0.408487 -0.816419 2.739683
wellspiral-edit1 26 0.513282 2.473516 0.980775 -0.189409 -0.912764 -0.361920 -0.423233 0.408487 -0.808710 2.709918
wellspiral-edit1 27 0.525607 2.446643 0.960538 -0.196087 -0.912764 -0.358346 -0.438156 0.408487 -0.800723 2.680477
wellspiral-edit1 28 0.537425 2.420062 0.940299 -0.202698 -0.912764 -0.354648 -0.452929 0.408487 -0.792461 2.651356
wellspiral-edit1 29 0.548742 2.393770 0.920067 -0.209240 -0.912764 -0.350829 -0.467546 0.408488 -0.783925 2.622551
wellspiral-edit1 30 0.559562 2.367763 0.899849 -0.215709 -0.912764 -0.346889 -0.482001 0.408488 -0.775121 2.594059
wellspiral-edit1 31 0.569892 2.342040 0.879657 -0.222104 -0.912764 -0.342829 -0.496292 0.408487 -0.766050 2.565876
wellspiral -- edc9b0ec384e87bc
wellspiral 00 0.000000 3.285950 1.470555 -0.000000 -0.912764 -0.408488 -0.000000 0.408488 -0.912764 3.600000
wellspiral 01 0.026837 3.233912 1.447017 -0.007575 -0.912764 -0.408417 -0.016925 0.408487 -0.912607 3.542988
wellspiral 02 0.052815 3.182698 1.423367 -0.015147 -0.912764 -0.408207 -0.033845 0.408487 -0.912136 3.486880
wellspiral 03 0.077945 3.132295 1.399621 -0.022713 -0.912764 -0.407856 -0.050753 0.408488 -0.911352 3.431659
wellspiral 04 0.102240 3.082690 1.375798 -0.030272 -0.912764 -0.407364 -0.067644 0.408488 -0.910254 3.377314
wellspiral 05 0.125710 3.033871 1.351911 -0.037821 -0.912764 -0.406733 -0.084511 0.408488 -0.908843 3.323829
wellspiral 06 0.148370 2.985825 1.327978 -0.045357 -0.912764 -0.405962 -0.101349 0.408488 -0.907120 3.271191
wellspiral 07 0.170230 2.938540 1.304015 -0.052877 -0.912764 -0.405051 -0.118152 0.408488 -0.905084 3.219386
wellspiral 08 0.191303 2.892003 1.280037 -0.060378 -0.912764 -0.404001 -0.134915 0.408488 -0.902738 3.168402
wellspiral 09 0.211601 2.846204 1.256057 -0.067859 -0.912764 -0.402812 -0.151632 0.408487 -0.900081 3.118226
wellspiral 10 0.231136 2.801131 1.232092 -0.075317 -0.912764 -0.401484 -0.168296 0.408487 -0.897115 3.068844
wellspiral 11 0.249922 2.756770 1.208153 -0.082749 -0.912764 -0.400018 -0.184902 0.408488 -0.893840 3.020244
wellspiral 12 0.267970 2.713113 1.184255 -0.090152 -0.912764 -0.398415 -0.201445 0.408488 -0.890257 2.972414
wellspiral 13 0.285292 2.670146 1.160409 -0.097524 -0.912764 -0.396675 -0.217918 0.408487 -0.886369 2.925341
wellspiral 14 0.301903 2.627860 1.136630 -0.104863 -0.912764 -0.394798 -0.234317 0.408488 -0.882176 2.879013
wellspiral 15 0.317814 2.586243 1.112928 -0.112166 -0.912764 -0.392786 -0.250635 0.408488 -0.877679 2.833420
wellspiral 16 0.333037 2.545286 1.089314 -0.119430 -0.912764 -0.390639 -0.266866 0.408488 -0.872881 2.788548
wellspiral 17 0.347586 2.504977 1.065801 -0.126653 -0.912764 -0.388357 -0.283006 0.408487 -0.867782 2.744387
wellspiral 18 0.361473 2.465307 1.042399 -0.133833 -0.912764 -0.385941 -0.299049 0.408488 -0.862385 2.700926
wellspiral 19 0.374710 2.426265 1.019117 -0.140966 -0.912764 -0.383393 -0.314989 0.408487 -0.856691 2.658152
wellspiral 20 0.387311 2.387842 0.995968 -0.148051 -0.912764 -0.380714 -0.330821 0.408488 -0.850703 2.616056
wellspiral 21 0.399288 2.350027 0.972959 -0.155086 -0.912764 -0.377903 -0.346538 0.408487 -0.844423 2.574627
wellspiral 22 0.410652 2.312810 0.950099 -0.162066 -0.912764 -0.374962 -0.362137 0.408487 -0.837851 2.533854
wellspiral 23 0.421418 2.276183 0.927398 -0.168991 -0.912764 -0.371892 -0.377611 0.408487 -0.830992 2.493726
wellspiral 24 0.431598 2.240136 0.904863 -0.175858 -0.912764 -0.368695 -0.392955 0.408487 -0.823847 2.454234
wellspiral 25 0.441203 2.204660 0.882504 -0.182665 -0.912764 -0.365370 -0.408164 0.408487 -0.816419 2.415367
wellspiral 26 0.450246 2.169746 0.860327 -0.189409 -0.912764 -0.361920 -0.423233 0.408487 -0.808710 2.377116
wellspiral 27 0.458740 2.135385 0.838340 -0.196087 -0.912764 -0.358346 -0.438156 0.408487 -0.800723 2.339471
wellspiral 28 0.466697 2.101568 0.816550 -0.202698 -0.912764 -0.354648 -0.452929 0.408487 -0.792461 2.302422
wellspiral 29 0.474129 2.068286 0.794964 -0.209240 -0.912764 -0.350829 -0.467545 0.408488 -0.783925 2.265959
wellspiral 30 0.481047 2.035532 0.773587 -0.215709 -0.912764 -0.346889 -0.482001 0.408488 -0.775121 2.230074
wellspiral 31 0.487465 2.003295 0.752426 -0.222104 -0.912764 -0.342829 -0.496292 0.408487 -0.766050 2.194757
winze -- a843387e0ae591ab
winze 00 2.823239 4.508297 -1.928183 -0.513316 -0.783327 0.350579 -0.646860 0.621610 0.441785 5.500000
winze 01 1.687449 4.218945 -3.005131 -0.320295 -0.756340 0.570404 -0.446946 0.651548 0.612964 5.268425
winze 02 0.319505 3.642488 -3.491500 -0.065709 -0.692880 0.718053 -0.192049 0.714936 0.672298 4.862457
winze 03 -0.980370 2.951570 -3.356465 0.223605 -0.603267 0.765552 0.059581 0.792431 0.607045 4.384374
winze 04 -2.002614 2.331600 -2.700241 0.511376 -0.512893 0.689518 0.256235 0.856871 0.447342 3.916127
winze 05 -2.638103 1.888503 -1.702386 0.750876 -0.448777 0.484546 0.371927 0.893604 0.251282 3.513366
winze 06 -2.851062 1.583903 -0.554236 0.893573 -0.413975 0.173642 0.407684 0.910267 0.072171 3.189865
winze 07 -2.619713 1.290576 0.541340 0.904292 -0.383446 -0.187684 0.376305 0.923555 -0.073765 2.893264
winze 08 -2.035458 0.950539 1.403139 0.774652 -0.334238 -0.536842 0.289951 0.942147 -0.168188 2.619510
winze 09 -1.239810 0.582225 1.919298 0.520309 -0.264899 -0.811854 0.172262 0.963687 -0.204040 2.368641
winze 10 -0.385652 0.261832 2.058987 0.177958 -0.201597 -0.963166 0.053337 0.979327 -0.195125 2.140211
winze 11 0.389152 0.043466 1.862072 -0.199735 -0.173773 -0.964318 -0.040903 0.984769 -0.168986 1.928967
winze 12 0.961112 -0.161463 1.395918 -0.553360 -0.165068 -0.816422 -0.099957 0.986243 -0.131654 1.695923
winze 13 1.264913 -0.376367 0.821881 -0.825922 -0.157005 -0.541481 -0.128688 0.987586 -0.090068 1.473889
winze 14 1.335031 -0.581543 0.272555 -0.973049 -0.141526 -0.182062 -0.135327 0.989728 -0.046099 1.297239
winze 15 1.242408 -0.741368 -0.196776 -0.970924 -0.123591 0.205019 -0.125194 0.992119 0.005185 1.184654
winze 16 1.043586 -0.812331 -0.592800 -0.820510 -0.119712 0.558957 -0.098937 0.992809 0.067399 1.150000
winze 17 0.748493 -0.769999 -0.951312 -0.544344 -0.138939 0.827276 -0.056403 0.990019 0.129159 1.205658
winze 18 0.320276 -0.626573 -1.261639 -0.184275 -0.179496 0.966346 0.000577 0.983163 0.182730 1.343221
winze 19 -0.261816 -0.396479 -1.453290 0.199255 -0.235546 0.951218 0.076468 0.971460 0.224540 1.552839
winze 20 -0.963587 -0.113622 -1.422432 0.542207 -0.291019 0.788238 0.173534 0.956665 0.233834 1.818942
winze 21 -1.665037 0.168763 -1.078883 0.791678 -0.332233 0.512707 0.277817 0.943196 0.182207 2.108063
winze 22 -2.192068 0.434240 -0.420734 0.914570 -0.364644 0.174921 0.360212 0.931090 0.057609 2.391598
winze 23 -2.448322 0.780583 0.476431 0.894980 -0.409903 -0.176040 0.395128 0.911560 -0.113721 2.727364
winze 24 -2.297888 1.254110 1.487220 0.736244 -0.478212 -0.478809 0.370118 0.876900 -0.306692 3.112606
winze 25 -1.666707 1.831657 2.409553 0.471381 -0.557555 -0.683325 0.273670 0.829033 -0.487657 3.528675
winze 26 -0.609654 2.399895 3.031693 0.154387 -0.620716 -0.768685 0.102202 0.783872 -0.612453 3.944445
winze 27 0.670403 2.837932 3.208234 -0.155122 -0.651817 -0.742342 -0.129577 0.758370 -0.638815 4.321776
winze 28 1.917739 3.237655 2.890927 -0.408423 -0.673887 -0.615684 -0.383267 0.738773 -0.554366 4.695472
winze 29 2.918137 3.661659 2.099398 -0.577748 -0.702454 -0.415650 -0.602917 0.710547 -0.362787 5.050879
winze 30 3.477261 4.093029 0.915457 -0.651210 -0.739279 -0.171444 -0.735804 0.670377 -0.095847 5.339694
winze 31 3.456193 4.430248 -0.507745 -0.627596 -0.773061 0.092199 -0.750611 0.632259 0.191914 5.507037
